Iba cumingii			Iba	Animalia | Arthropoda | Insecta | Hemiptera | Clastopteridae | Iba	GBIF:2017308	Wu, R.S.S. 1984. The feeding habits of seven demersal fish species in a subtropical estuary. Asian Mar. Bio. 1:17-26.	Froese, R. and D. Pauly. Editors. 2016. FishBase. World Wide Web electronic publication. www.fishbase.org, version (10/2016). Accessed at <https://github.com/globalbioticinteractions/fishbase/archive/7e67537c10ab6def64e0e7aa7953af28f6198d2a.zip> on 24 Apr 2017.
Iba cumingii			Iba	Animalia | Arthropoda | Insecta | Hemiptera | Clastopteridae | Iba	IRMNG:1182274	Wu, R.S.S. 1984. The feeding habits of seven demersal fish species in a subtropical estuary. Asian Mar. Bio. 1:17-26.	Froese, R. and D. Pauly. Editors. 2016. FishBase. World Wide Web electronic publication. www.fishbase.org, version (10/2016). Accessed at <https://github.com/globalbioticinteractions/fishbase/archive/7e67537c10ab6def64e0e7aa7953af28f6198d2a.zip> on 24 Apr 2017.
Icilogorgia schramii			Iciligorgia schrammi	Animalia | Cnidaria | Anthozoa | Alcyonacea | Anthothelidae | Iciligorgia | Iciligorgia schrammi	GBIF:2262126	Hourigan, T.F., F.G. Stanton, P.J. Motta, C.D. Kelley and B. Carlson. 1989. The feeding ecology of three species of Caribbean angelfishes (family Pomacanthidae). Environ. Biol. Fish. 24(2):105-116.	Froese, R. and D. Pauly. Editors. 2016. FishBase. World Wide Web electronic publication. www.fishbase.org, version (10/2016). Accessed at <https://github.com/globalbioticinteractions/fishbase/archive/7e67537c10ab6def64e0e7aa7953af28f6198d2a.zip> on 24 Apr 2017.
Icilogorgia schramii			Iciligorgia schrammi	Animalia | Cnidaria | Anthozoa | Gorgonacea | Anthothelidae | Iciligorgia | Iciligorgia schrammi	IRMNG:10694850	Hourigan, T.F., F.G. Stanton, P.J. Motta, C.D. Kelley and B. Carlson. 1989. The feeding ecology of three species of Caribbean angelfishes (family Pomacanthidae). Environ. Biol. Fish. 24(2):105-116.	Froese, R. and D. Pauly. Editors. 2016. FishBase. World Wide Web electronic publication. www.fishbase.org, version (10/2016). Accessed at <https://github.com/globalbioticinteractions/fishbase/archive/7e67537c10ab6def64e0e7aa7953af28f6198d2a.zip> on 24 Apr 2017.
Icilogorgia schramii			Iciligorgia schrammi	Animalia | Radiata | Cnidaria | Anthozoa | Anthozoa | Octocorallia | Alcyonacea | Scleraxonia | Anthothelidae | Iciligorgia | Iciligorgia schrammi	ITIS:52098	Hourigan, T.F., F.G. Stanton, P.J. Motta, C.D. Kelley and B. Carlson. 1989. The feeding ecology of three species of Caribbean angelfishes (family Pomacanthidae). Environ. Biol. Fish. 24(2):105-116.	Froese, R. and D. Pauly. Editors. 2016. FishBase. World Wide Web electronic publication. www.fishbase.org, version (10/2016). Accessed at <https://github.com/globalbioticinteractions/fishbase/archive/7e67537c10ab6def64e0e7aa7953af28f6198d2a.zip> on 24 Apr 2017.
Icilogorgia schramii			Iciligorgia schrammi	Anthozoa | Alcyonacea | Anthothelidae | Iciligorgia | Iciligorgia schrammi	FBC:SLB:SpecCode:44355	Hourigan, T.F., F.G. Stanton, P.J. Motta, C.D. Kelley and B. Carlson. 1989. The feeding ecology of three species of Caribbean angelfishes (family Pomacanthidae). Environ. Biol. Fish. 24(2):105-116.	Froese, R. and D. Pauly. Editors. 2016. FishBase. World Wide Web electronic publication. www.fishbase.org, version (10/2016). Accessed at <https://github.com/globalbioticinteractions/fishbase/archive/7e67537c10ab6def64e0e7aa7953af28f6198d2a.zip> on 24 Apr 2017.
Icilogorgia schramii			Iciligorgia schrammi	Biota | Animalia | Cnidaria | Anthozoa | Octocorallia | Alcyonacea | Scleraxonia | Anthothelidae | Iciligorgia | Iciligorgia schrammi	WORMS:290178	Hourigan, T.F., F.G. Stanton, P.J. Motta, C.D. Kelley and B. Carlson. 1989. The feeding ecology of three species of Caribbean angelfishes (family Pomacanthidae). Environ. Biol. Fish. 24(2):105-116.	Froese, R. and D. Pauly. Editors. 2016. FishBase. World Wide Web electronic publication. www.fishbase.org, version (10/2016). Accessed at <https://github.com/globalbioticinteractions/fishbase/archive/7e67537c10ab6def64e0e7aa7953af28f6198d2a.zip> on 24 Apr 2017.
Icilogorgia schramii			Iciligorgia schrammi	 | Eukaryota | Opisthokonta | Metazoa | Eumetazoa | Cnidaria | Anthozoa | Octocorallia | Alcyonacea | Scleraxonia | Anthothelidae | Iciligorgia | Iciligorgia schrammi	NCBI:639594	Hourigan, T.F., F.G. Stanton, P.J. Motta, C.D. Kelley and B. Carlson. 1989. The feeding ecology of three species of Caribbean angelfishes (family Pomacanthidae). Environ. Biol. Fish. 24(2):105-116.	Froese, R. and D. Pauly. Editors. 2016. FishBase. World Wide Web electronic publication. www.fishbase.org, version (10/2016). Accessed at <https://github.com/globalbioticinteractions/fishbase/archive/7e67537c10ab6def64e0e7aa7953af28f6198d2a.zip> on 24 Apr 2017.
Ihlae magalanhica						Hanchet, S. 1991. Diet of spiny dogfish, <i>Squalus acanthias</i> Linnaeus, on the east coast, South Island, New Zealand. J. Fish Biol. 39(3):313-323.	Froese, R. and D. Pauly. Editors. 2016. FishBase. World Wide Web electronic publication. www.fishbase.org, version (10/2016). Accessed at <https://github.com/globalbioticinteractions/fishbase/archive/7e67537c10ab6def64e0e7aa7953af28f6198d2a.zip> on 24 Apr 2017.
Ilex argentinus			Ilex	Biota | Plantae | Viridaeplantae | Streptophyta | Tracheophyta | Spermatophytina | Magnoliopsida | Asteranae | Aquifoliales | Aquifoliaceae | Ilex	WORMS:415505	Muto, E.Y., M.H.C. da Silva, G.R. Vera, S.S.M. Leite, D.G. Navarro and C.L.D.B. Rossi-Wongtschowski. 2005. Alimentaçao e relações tróficas de peixes demersais da plataforma continental externa e talude superior da Região Sudeste-Sul do Brasil. São Paulo: Intituto Oceanográfico USP.	Froese, R. and D. Pauly. Editors. 2016. FishBase. World Wide Web electronic publication. www.fishbase.org, version (10/2016). Accessed at <https://github.com/globalbioticinteractions/fishbase/archive/7e67537c10ab6def64e0e7aa7953af28f6198d2a.zip> on 24 Apr 2017.
Ilex argentinus			Ilex	 | Eukaryota | Viridiplantae | Streptophyta | Streptophytina | Embryophyta | Tracheophyta | Euphyllophyta | Spermatophyta | Magnoliophyta | Mesangiospermae |  | Gunneridae | Pentapetalae |  |  | Aquifoliales | Aquifoliaceae | Ilex	NCBI:4295	Muto, E.Y., M.H.C. da Silva, G.R. Vera, S.S.M. Leite, D.G. Navarro and C.L.D.B. Rossi-Wongtschowski. 2005. Alimentaçao e relações tróficas de peixes demersais da plataforma continental externa e talude superior da Região Sudeste-Sul do Brasil. São Paulo: Intituto Oceanográfico USP.	Froese, R. and D. Pauly. Editors. 2016. FishBase. World Wide Web electronic publication. www.fishbase.org, version (10/2016). Accessed at <https://github.com/globalbioticinteractions/fishbase/archive/7e67537c10ab6def64e0e7aa7953af28f6198d2a.zip> on 24 Apr 2017.
Ilex argentinus			Ilex	Plantae | Magnoliophyta | Magnoliopsida | Aquifoliales | Aquifoliaceae | Ilex	IRMNG:1063294	Muto, E.Y., M.H.C. da Silva, G.R. Vera, S.S.M. Leite, D.G. Navarro and C.L.D.B. Rossi-Wongtschowski. 2005. Alimentaçao e relações tróficas de peixes demersais da plataforma continental externa e talude superior da Região Sudeste-Sul do Brasil. São Paulo: Intituto Oceanográfico USP.	Froese, R. and D. Pauly. Editors. 2016. FishBase. World Wide Web electronic publication. www.fishbase.org, version (10/2016). Accessed at <https://github.com/globalbioticinteractions/fishbase/archive/7e67537c10ab6def64e0e7aa7953af28f6198d2a.zip> on 24 Apr 2017.
Ilex argentinus			Ilex	Plantae | Magnoliophyta | Magnoliopsida | Fagales | Fagaceae | Ilex	IRMNG:1088291	Muto, E.Y., M.H.C. da Silva, G.R. Vera, S.S.M. Leite, D.G. Navarro and C.L.D.B. Rossi-Wongtschowski. 2005. Alimentaçao e relações tróficas de peixes demersais da plataforma continental externa e talude superior da Região Sudeste-Sul do Brasil. São Paulo: Intituto Oceanográfico USP.	Froese, R. and D. Pauly. Editors. 2016. FishBase. World Wide Web electronic publication. www.fishbase.org, version (10/2016). Accessed at <https://github.com/globalbioticinteractions/fishbase/archive/7e67537c10ab6def64e0e7aa7953af28f6198d2a.zip> on 24 Apr 2017.
Ilex argentinus			Ilex	Plantae | Tracheophyta | Magnoliopsida | Aquifoliales | Aquifoliaceae | Ilex	GBIF:3169013	Muto, E.Y., M.H.C. da Silva, G.R. Vera, S.S.M. Leite, D.G. Navarro and C.L.D.B. Rossi-Wongtschowski. 2005. Alimentaçao e relações tróficas de peixes demersais da plataforma continental externa e talude superior da Região Sudeste-Sul do Brasil. São Paulo: Intituto Oceanográfico USP.	Froese, R. and D. Pauly. Editors. 2016. FishBase. World Wide Web electronic publication. www.fishbase.org, version (10/2016). Accessed at <https://github.com/globalbioticinteractions/fishbase/archive/7e67537c10ab6def64e0e7aa7953af28f6198d2a.zip> on 24 Apr 2017.
Ilex argentinus			Ilex	Plantae | Tracheophyta | Magnoliopsida | Fagales | Fagaceae | Ilex	GBIF:2881727	Muto, E.Y., M.H.C. da Silva, G.R. Vera, S.S.M. Leite, D.G. Navarro and C.L.D.B. Rossi-Wongtschowski. 2005. Alimentaçao e relações tróficas de peixes demersais da plataforma continental externa e talude superior da Região Sudeste-Sul do Brasil. São Paulo: Intituto Oceanográfico USP.	Froese, R. and D. Pauly. Editors. 2016. FishBase. World Wide Web electronic publication. www.fishbase.org, version (10/2016). Accessed at <https://github.com/globalbioticinteractions/fishbase/archive/7e67537c10ab6def64e0e7aa7953af28f6198d2a.zip> on 24 Apr 2017.
Ilex argentinus			Ilex	Plantae | Viridiplantae | Streptophyta | Embryophyta | Tracheophyta | Spermatophytina | Magnoliopsida | Asteranae | Aquifoliales | Aquifoliaceae | Ilex	ITIS:27980	Muto, E.Y., M.H.C. da Silva, G.R. Vera, S.S.M. Leite, D.G. Navarro and C.L.D.B. Rossi-Wongtschowski. 2005. Alimentaçao e relações tróficas de peixes demersais da plataforma continental externa e talude superior da Região Sudeste-Sul do Brasil. São Paulo: Intituto Oceanográfico USP.	Froese, R. and D. Pauly. Editors. 2016. FishBase. World Wide Web electronic publication. www.fishbase.org, version (10/2016). Accessed at <https://github.com/globalbioticinteractions/fishbase/archive/7e67537c10ab6def64e0e7aa7953af28f6198d2a.zip> on 24 Apr 2017.
Ilex argentinus			Illex	Animalia | Mollusca | Cephalopoda | Teuthoidea | Ommastrephidae | Illex	IRMNG:1101284	Muto, E.Y., M.H.C. da Silva, G.R. Vera, S.S.M. Leite, D.G. Navarro and C.L.D.B. Rossi-Wongtschowski. 2005. Alimentaçao e relações tróficas de peixes demersais da plataforma continental externa e talude superior da Região Sudeste-Sul do Brasil. São Paulo: Intituto Oceanográfico USP.	Froese, R. and D. Pauly. Editors. 2016. FishBase. World Wide Web electronic publication. www.fishbase.org, version (10/2016). Accessed at <https://github.com/globalbioticinteractions/fishbase/archive/7e67537c10ab6def64e0e7aa7953af28f6198d2a.zip> on 24 Apr 2017.
Illex coindetti			Illex	Animalia | Bilateria | Protostomia | Lophozoa | Mollusca | Cephalopoda | Coleoidea | Decabrachia | Teuthida | Oegopsina | Ommastrephidae | Illicinae | Illex	ITIS:82520	Cervigón, F. 1994. Los peces marinos de Venezuela. Volume 3. Fundación Científica Los Roques, Caracas,Venezuela. 295 p.	Froese, R. and D. Pauly. Editors. 2016. FishBase. World Wide Web electronic publication. www.fishbase.org, version (10/2016). Accessed at <https://github.com/globalbioticinteractions/fishbase/archive/7e67537c10ab6def64e0e7aa7953af28f6198d2a.zip> on 24 Apr 2017.
Illex coindetti			Illex	Animalia | Mollusca | Cephalopoda | Oegopsida | Ommastrephidae | Illex	GBIF:2290514	Cervigón, F. 1994. Los peces marinos de Venezuela. Volume 3. Fundación Científica Los Roques, Caracas,Venezuela. 295 p.	Froese, R. and D. Pauly. Editors. 2016. FishBase. World Wide Web electronic publication. www.fishbase.org, version (10/2016). Accessed at <https://github.com/globalbioticinteractions/fishbase/archive/7e67537c10ab6def64e0e7aa7953af28f6198d2a.zip> on 24 Apr 2017.
Illex coindetti			Illex	Animalia | Mollusca | Cephalopoda | Teuthoidea | Ommastrephidae | Illex	IRMNG:1101284	Cervigón, F. 1994. Los peces marinos de Venezuela. Volume 3. Fundación Científica Los Roques, Caracas,Venezuela. 295 p.	Froese, R. and D. Pauly. Editors. 2016. FishBase. World Wide Web electronic publication. www.fishbase.org, version (10/2016). Accessed at <https://github.com/globalbioticinteractions/fishbase/archive/7e67537c10ab6def64e0e7aa7953af28f6198d2a.zip> on 24 Apr 2017.
Illex coindetti			Illex	Biota | Animalia | Mollusca | Cephalopoda | Coleoidea | Decapodiformes | Oegopsida | Ommastrephidae | Illicinae | Illex	WORMS:138278	Cervigón, F. 1994. Los peces marinos de Venezuela. Volume 3. Fundación Científica Los Roques, Caracas,Venezuela. 295 p.	Froese, R. and D. Pauly. Editors. 2016. FishBase. World Wide Web electronic publication. www.fishbase.org, version (10/2016). Accessed at <https://github.com/globalbioticinteractions/fishbase/archive/7e67537c10ab6def64e0e7aa7953af28f6198d2a.zip> on 24 Apr 2017.
Illex coindetti			Illex	 | Eukaryota | Opisthokonta | Metazoa | Eumetazoa | Bilateria | Protostomia | Lophotrochozoa | Mollusca | Cephalopoda | Coleoidea | Neocoleoidea | Decapodiformes | Teuthida | Oegopsina | Ommastrephidae | Illex	NCBI:6627	Cervigón, F. 1994. Los peces marinos de Venezuela. Volume 3. Fundación Científica Los Roques, Caracas,Venezuela. 295 p.	Froese, R. and D. Pauly. Editors. 2016. FishBase. World Wide Web electronic publication. www.fishbase.org, version (10/2016). Accessed at <https://github.com/globalbioticinteractions/fishbase/archive/7e67537c10ab6def64e0e7aa7953af28f6198d2a.zip> on 24 Apr 2017.
Illex ilecebrosus			Illex coindetii	Biota | Animalia | Mollusca | Cephalopoda | Coleoidea | Decapodiformes | Oegopsida | Ommastrephidae | Illicinae | Illex | Illex coindetii	WORMS:140621	Bowman, R.E., C.E. Stillwell, W.L. Michaels and M.D. Grosslein. 2000. Food of northwest Atlantic fishes and two common species of squid. NOAA Tech. Memo. NMFS-NE 155, 138 p.	Froese, R. and D. Pauly. Editors. 2016. FishBase. World Wide Web electronic publication. www.fishbase.org, version (10/2016). Accessed at <https://github.com/globalbioticinteractions/fishbase/archive/7e67537c10ab6def64e0e7aa7953af28f6198d2a.zip> on 24 Apr 2017.
Illex ilecebrosus			Illex illecebrosus	Animalia | Bilateria | Protostomia | Lophozoa | Mollusca | Cephalopoda | Coleoidea | Decabrachia | Teuthida | Oegopsina | Ommastrephidae | Illicinae | Illex | Illex illecebrosus	ITIS:82521	Bowman, R.E., C.E. Stillwell, W.L. Michaels and M.D. Grosslein. 2000. Food of northwest Atlantic fishes and two common species of squid. NOAA Tech. Memo. NMFS-NE 155, 138 p.	Froese, R. and D. Pauly. Editors. 2016. FishBase. World Wide Web electronic publication. www.fishbase.org, version (10/2016). Accessed at <https://github.com/globalbioticinteractions/fishbase/archive/7e67537c10ab6def64e0e7aa7953af28f6198d2a.zip> on 24 Apr 2017.
Illex ilecebrosus			Illex illecebrosus	Animalia | Mollusca | Cephalopoda | Oegopsida | Ommastrephidae | Illex | Illex illecebrosus	GBIF:2290516	Bowman, R.E., C.E. Stillwell, W.L. Michaels and M.D. Grosslein. 2000. Food of northwest Atlantic fishes and two common species of squid. NOAA Tech. Memo. NMFS-NE 155, 138 p.	Froese, R. and D. Pauly. Editors. 2016. FishBase. World Wide Web electronic publication. www.fishbase.org, version (10/2016). Accessed at <https://github.com/globalbioticinteractions/fishbase/archive/7e67537c10ab6def64e0e7aa7953af28f6198d2a.zip> on 24 Apr 2017.
Illex ilecebrosus			Illex illecebrosus	Animalia | Mollusca | Cephalopoda | Teuthoidea | Ommastrephidae | Illex | Illex illecebrosus	IRMNG:11131686	Bowman, R.E., C.E. Stillwell, W.L. Michaels and M.D. Grosslein. 2000. Food of northwest Atlantic fishes and two common species of squid. NOAA Tech. Memo. NMFS-NE 155, 138 p.	Froese, R. and D. Pauly. Editors. 2016. FishBase. World Wide Web electronic publication. www.fishbase.org, version (10/2016). Accessed at <https://github.com/globalbioticinteractions/fishbase/archive/7e67537c10ab6def64e0e7aa7953af28f6198d2a.zip> on 24 Apr 2017.
Illex ilecebrosus			Illex illecebrosus	Biota | Animalia | Mollusca | Cephalopoda | Coleoidea | Decapodiformes | Oegopsida | Ommastrephidae | Illicinae | Illex | Illex illecebrosus	WORMS:153087	Bowman, R.E., C.E. Stillwell, W.L. Michaels and M.D. Grosslein. 2000. Food of northwest Atlantic fishes and two common species of squid. NOAA Tech. Memo. NMFS-NE 155, 138 p.	Froese, R. and D. Pauly. Editors. 2016. FishBase. World Wide Web electronic publication. www.fishbase.org, version (10/2016). Accessed at <https://github.com/globalbioticinteractions/fishbase/archive/7e67537c10ab6def64e0e7aa7953af28f6198d2a.zip> on 24 Apr 2017.
Illex ilecebrosus			Illex illecebrosus	Cephalopoda | Teuthida | Ommastrephidae | Illex | Illex illecebrosus	FBC:SLB:SpecCode:58129	Bowman, R.E., C.E. Stillwell, W.L. Michaels and M.D. Grosslein. 2000. Food of northwest Atlantic fishes and two common species of squid. NOAA Tech. Memo. NMFS-NE 155, 138 p.	Froese, R. and D. Pauly. Editors. 2016. FishBase. World Wide Web electronic publication. www.fishbase.org, version (10/2016). Accessed at <https://github.com/globalbioticinteractions/fishbase/archive/7e67537c10ab6def64e0e7aa7953af28f6198d2a.zip> on 24 Apr 2017.
Illex ilecebrosus			Illex illecebrosus	 | Eukaryota | Opisthokonta | Metazoa | Eumetazoa | Bilateria | Protostomia | Lophotrochozoa | Mollusca | Cephalopoda | Coleoidea | Neocoleoidea | Decapodiformes | Teuthida | Oegopsina | Ommastrephidae | Illex | Illex illecebrosus	NCBI:6629	Bowman, R.E., C.E. Stillwell, W.L. Michaels and M.D. Grosslein. 2000. Food of northwest Atlantic fishes and two common species of squid. NOAA Tech. Memo. NMFS-NE 155, 138 p.	Froese, R. and D. Pauly. Editors. 2016. FishBase. World Wide Web electronic publication. www.fishbase.org, version (10/2016). Accessed at <https://github.com/globalbioticinteractions/fishbase/archive/7e67537c10ab6def64e0e7aa7953af28f6198d2a.zip> on 24 Apr 2017.
Illex illex argentino			Illex	Animalia | Bilateria | Protostomia | Lophozoa | Mollusca | Cephalopoda | Coleoidea | Decabrachia | Teuthida | Oegopsina | Ommastrephidae | Illicinae | Illex	ITIS:82520	Elias, I. and C.R. Rajoy. 1992. Habitos alimentarios del "Salmon de Mar" <i>Pseudopercis semifasciata</i> (Cuvier, 1829): Pinguipedidae en Aguas Norpatagonicas Argentinas. Rev. Biol. Mar., Valparaíso, 27(1):133-146.	Froese, R. and D. Pauly. Editors. 2016. FishBase. World Wide Web electronic publication. www.fishbase.org, version (10/2016). Accessed at <https://github.com/globalbioticinteractions/fishbase/archive/7e67537c10ab6def64e0e7aa7953af28f6198d2a.zip> on 24 Apr 2017.
Illex illex argentino			Illex	Animalia | Mollusca | Cephalopoda | Oegopsida | Ommastrephidae | Illex	GBIF:2290514	Elias, I. and C.R. Rajoy. 1992. Habitos alimentarios del "Salmon de Mar" <i>Pseudopercis semifasciata</i> (Cuvier, 1829): Pinguipedidae en Aguas Norpatagonicas Argentinas. Rev. Biol. Mar., Valparaíso, 27(1):133-146.	Froese, R. and D. Pauly. Editors. 2016. FishBase. World Wide Web electronic publication. www.fishbase.org, version (10/2016). Accessed at <https://github.com/globalbioticinteractions/fishbase/archive/7e67537c10ab6def64e0e7aa7953af28f6198d2a.zip> on 24 Apr 2017.
Illex illex argentino			Illex	Animalia | Mollusca | Cephalopoda | Teuthoidea | Ommastrephidae | Illex	IRMNG:1101284	Elias, I. and C.R. Rajoy. 1992. Habitos alimentarios del "Salmon de Mar" <i>Pseudopercis semifasciata</i> (Cuvier, 1829): Pinguipedidae en Aguas Norpatagonicas Argentinas. Rev. Biol. Mar., Valparaíso, 27(1):133-146.	Froese, R. and D. Pauly. Editors. 2016. FishBase. World Wide Web electronic publication. www.fishbase.org, version (10/2016). Accessed at <https://github.com/globalbioticinteractions/fishbase/archive/7e67537c10ab6def64e0e7aa7953af28f6198d2a.zip> on 24 Apr 2017.
Illex illex argentino			Illex	Biota | Animalia | Mollusca | Cephalopoda | Coleoidea | Decapodiformes | Oegopsida | Ommastrephidae | Illicinae | Illex	WORMS:138278	Elias, I. and C.R. Rajoy. 1992. Habitos alimentarios del "Salmon de Mar" <i>Pseudopercis semifasciata</i> (Cuvier, 1829): Pinguipedidae en Aguas Norpatagonicas Argentinas. Rev. Biol. Mar., Valparaíso, 27(1):133-146.	Froese, R. and D. Pauly. Editors. 2016. FishBase. World Wide Web electronic publication. www.fishbase.org, version (10/2016). Accessed at <https://github.com/globalbioticinteractions/fishbase/archive/7e67537c10ab6def64e0e7aa7953af28f6198d2a.zip> on 24 Apr 2017.
Illex illex argentino			Illex	 | Eukaryota | Opisthokonta | Metazoa | Eumetazoa | Bilateria | Protostomia | Lophotrochozoa | Mollusca | Cephalopoda | Coleoidea | Neocoleoidea | Decapodiformes | Teuthida | Oegopsina | Ommastrephidae | Illex	NCBI:6627	Elias, I. and C.R. Rajoy. 1992. Habitos alimentarios del "Salmon de Mar" <i>Pseudopercis semifasciata</i> (Cuvier, 1829): Pinguipedidae en Aguas Norpatagonicas Argentinas. Rev. Biol. Mar., Valparaíso, 27(1):133-146.	Froese, R. and D. Pauly. Editors. 2016. FishBase. World Wide Web electronic publication. www.fishbase.org, version (10/2016). Accessed at <https://github.com/globalbioticinteractions/fishbase/archive/7e67537c10ab6def64e0e7aa7953af28f6198d2a.zip> on 24 Apr 2017.
Imago						Karpenko, V.I. and E.T. Nikolaeva. 1989. Daily feeding rhythm and rations of juvenile chum salmon, <i>Oncorhynchus keta</i>, during river and early marine part of their life cycle. J. Ichthyol. 29(4):75-82.	Froese, R. and D. Pauly. Editors. 2016. FishBase. World Wide Web electronic publication. www.fishbase.org, version (10/2016). Accessed at <https://github.com/globalbioticinteractions/fishbase/archive/7e67537c10ab6def64e0e7aa7953af28f6198d2a.zip> on 24 Apr 2017.
immature aquatic insects						Page, L. 1983. Handbook of darters. T.F.H. Publications, Inc. USA. 271 p.	Froese, R. and D. Pauly. Editors. 2016. FishBase. World Wide Web electronic publication. www.fishbase.org, version (10/2016). Accessed at <https://github.com/globalbioticinteractions/fishbase/archive/7e67537c10ab6def64e0e7aa7953af28f6198d2a.zip> on 24 Apr 2017.
immature caddis-flies						Bockmann, F.A. and I. Sazima. 2004. <i>Trichomycterus maracaya</i>, a new catfish from the upper rio Paraná, southeastern Brazil (Siluriformes: Trichomycteridae), with notes on the <i>T. brasiliensis</i> species-complex. Neotrop. Ichthyol. 2(2):651-74.	Froese, R. and D. Pauly. Editors. 2016. FishBase. World Wide Web electronic publication. www.fishbase.org, version (10/2016). Accessed at <https://github.com/globalbioticinteractions/fishbase/archive/7e67537c10ab6def64e0e7aa7953af28f6198d2a.zip> on 24 Apr 2017.
immature mayflies						Bockmann, F.A. and I. Sazima. 2004. <i>Trichomycterus maracaya</i>, a new catfish from the upper rio Paraná, southeastern Brazil (Siluriformes: Trichomycteridae), with notes on the <i>T. brasiliensis</i> species-complex. Neotrop. Ichthyol. 2(2):651-74.	Froese, R. and D. Pauly. Editors. 2016. FishBase. World Wide Web electronic publication. www.fishbase.org, version (10/2016). Accessed at <https://github.com/globalbioticinteractions/fishbase/archive/7e67537c10ab6def64e0e7aa7953af28f6198d2a.zip> on 24 Apr 2017.
immature stoneflies						Bockmann, F.A. and I. Sazima. 2004. <i>Trichomycterus maracaya</i>, a new catfish from the upper rio Paraná, southeastern Brazil (Siluriformes: Trichomycteridae), with notes on the <i>T. brasiliensis</i> species-complex. Neotrop. Ichthyol. 2(2):651-74.	Froese, R. and D. Pauly. Editors. 2016. FishBase. World Wide Web electronic publication. www.fishbase.org, version (10/2016). Accessed at <https://github.com/globalbioticinteractions/fishbase/archive/7e67537c10ab6def64e0e7aa7953af28f6198d2a.zip> on 24 Apr 2017.
immature Trichoptera						Gibran, F.Z., K.M. Ferreira and R.M.C. Castro. 2001. Diet of <i>Crenicichla britskii</i> (Perciformes: Cichlidae) in a stream of Rio Aguapeí Basin, upper Rio Parana system, Southeastern Brazil. Revista Biota Neotropica, Vol. 1, Numbers 1 and 2.	Froese, R. and D. Pauly. Editors. 2016. FishBase. World Wide Web electronic publication. www.fishbase.org, version (10/2016). Accessed at <https://github.com/globalbioticinteractions/fishbase/archive/7e67537c10ab6def64e0e7aa7953af28f6198d2a.zip> on 24 Apr 2017.
Infusoria						Borutsky, E.B. 1950. Materials on the feeding of yellowfin (<i>Xenocypris macrolepis</i> Bleeker). Trudy Amurskoi Ikhtiologicheskoi Ekspeditsii 1945-1949 gg. Vol. 1. P. 319-330.	Froese, R. and D. Pauly. Editors. 2016. FishBase. World Wide Web electronic publication. www.fishbase.org, version (10/2016). Accessed at <https://github.com/globalbioticinteractions/fishbase/archive/7e67537c10ab6def64e0e7aa7953af28f6198d2a.zip> on 24 Apr 2017.
iniomous fishes						Roberts, T.R. 2012. Systematics, biology, and distribution of the species of the oceanic oarfish genus <i>Regalecus</i> (Teleostei, Lampridiformes, Regalecidae). Paris: Mémoires du Muséum national d'histoire naturelle Tome 202, 268 p.	Froese, R. and D. Pauly. Editors. 2016. FishBase. World Wide Web electronic publication. www.fishbase.org, version (10/2016). Accessed at <https://github.com/globalbioticinteractions/fishbase/archive/7e67537c10ab6def64e0e7aa7953af28f6198d2a.zip> on 24 Apr 2017.
inorganic material						Gomes-Ferreira, A., F. Ribeiro, L. Moreira da Costa, I.G. Cowx and M.J. Collares-Pereira. 2005. Variability in diet and foraging behaviour between sexes andploidy forms of the hybridogenetic <i>Squalius alburnoides</i> complex (Cyprinidae) in the Guadiana River basin, Portugal. J. Fish Biol. 66:454-467.	Froese, R. and D. Pauly. Editors. 2016. FishBase. World Wide Web electronic publication. www.fishbase.org, version (10/2016). Accessed at <https://github.com/globalbioticinteractions/fishbase/archive/7e67537c10ab6def64e0e7aa7953af28f6198d2a.zip> on 24 Apr 2017.
inorganic remains						Link, G.W. 1980. Age, growth, reproduction, feeding, and ecological observations on the three species of <i>Centropristis</i> (Pisces: Serranidae) in North Carolina waters. University of North Carolina at Chapel Hill.	Froese, R. and D. Pauly. Editors. 2016. FishBase. World Wide Web electronic publication. www.fishbase.org, version (10/2016). Accessed at <https://github.com/globalbioticinteractions/fishbase/archive/7e67537c10ab6def64e0e7aa7953af28f6198d2a.zip> on 24 Apr 2017.
inorganic sediment						Fugi, R., N.S. Hahn and A.A. Agostinho. 1996. Feeding styles of five species of bottom-feeding fishes of the high Paraná River. Environ. Biol. Fish. 46(3):297-307.	Froese, R. and D. Pauly. Editors. 2016. FishBase. World Wide Web electronic publication. www.fishbase.org, version (10/2016). Accessed at <https://github.com/globalbioticinteractions/fishbase/archive/7e67537c10ab6def64e0e7aa7953af28f6198d2a.zip> on 24 Apr 2017.
Inorganic sediment						Fugi, R., N.S. Hahn and A.A. Agostinho. 1996. Feeding styles of five species of bottom-feeding fishes of the high Paraná River. Environ. Biol. Fish. 46(3):297-307.	Froese, R. and D. Pauly. Editors. 2016. FishBase. World Wide Web electronic publication. www.fishbase.org, version (10/2016). Accessed at <https://github.com/globalbioticinteractions/fishbase/archive/7e67537c10ab6def64e0e7aa7953af28f6198d2a.zip> on 24 Apr 2017.
insect adults						Soares-Porto, L.M. 1994. <i>Auchenipterichthys dantei</i>, a new species of catfish from the Amazon Basin (Siluriformes: Auchenipteridae). Ichthyol. Explor. Freshwat. 5(3):281-287.	Froese, R. and D. Pauly. Editors. 2016. FishBase. World Wide Web electronic publication. www.fishbase.org, version (10/2016). Accessed at <https://github.com/globalbioticinteractions/fishbase/archive/7e67537c10ab6def64e0e7aa7953af28f6198d2a.zip> on 24 Apr 2017.
Insecta imago			Insecta	Animalia | Arthropoda | Insecta	GBIF:216	Maksimenkov, V.V. and A.M. Tokranov. 1993. The diet of pond smelt, <i>Hypomesus olidus</i>, in the Bol'shaya River estuary (western Kamchatka). J. Ichthyol. 33(9):11-21.	Froese, R. and D. Pauly. Editors. 2016. FishBase. World Wide Web electronic publication. www.fishbase.org, version (10/2016). Accessed at <https://github.com/globalbioticinteractions/fishbase/archive/7e67537c10ab6def64e0e7aa7953af28f6198d2a.zip> on 24 Apr 2017.
Insecta imago			Insecta	Animalia | Arthropoda | Insecta	IRMNG:1096	Maksimenkov, V.V. and A.M. Tokranov. 1993. The diet of pond smelt, <i>Hypomesus olidus</i>, in the Bol'shaya River estuary (western Kamchatka). J. Ichthyol. 33(9):11-21.	Froese, R. and D. Pauly. Editors. 2016. FishBase. World Wide Web electronic publication. www.fishbase.org, version (10/2016). Accessed at <https://github.com/globalbioticinteractions/fishbase/archive/7e67537c10ab6def64e0e7aa7953af28f6198d2a.zip> on 24 Apr 2017.
Insecta imago			Insecta	Animalia | Bilateria | Protostomia | Ecdysozoa | Arthropoda | Hexapoda | Insecta	ITIS:99208	Maksimenkov, V.V. and A.M. Tokranov. 1993. The diet of pond smelt, <i>Hypomesus olidus</i>, in the Bol'shaya River estuary (western Kamchatka). J. Ichthyol. 33(9):11-21.	Froese, R. and D. Pauly. Editors. 2016. FishBase. World Wide Web electronic publication. www.fishbase.org, version (10/2016). Accessed at <https://github.com/globalbioticinteractions/fishbase/archive/7e67537c10ab6def64e0e7aa7953af28f6198d2a.zip> on 24 Apr 2017.
Insecta imago			Insecta	Animalia | Insecta	IF:10000726	Maksimenkov, V.V. and A.M. Tokranov. 1993. The diet of pond smelt, <i>Hypomesus olidus</i>, in the Bol'shaya River estuary (western Kamchatka). J. Ichthyol. 33(9):11-21.	Froese, R. and D. Pauly. Editors. 2016. FishBase. World Wide Web electronic publication. www.fishbase.org, version (10/2016). Accessed at <https://github.com/globalbioticinteractions/fishbase/archive/7e67537c10ab6def64e0e7aa7953af28f6198d2a.zip> on 24 Apr 2017.
Insecta imago			Insecta	Biota | Animalia | Arthropoda | Hexapoda | Insecta	WORMS:1307	Maksimenkov, V.V. and A.M. Tokranov. 1993. The diet of pond smelt, <i>Hypomesus olidus</i>, in the Bol'shaya River estuary (western Kamchatka). J. Ichthyol. 33(9):11-21.	Froese, R. and D. Pauly. Editors. 2016. FishBase. World Wide Web electronic publication. www.fishbase.org, version (10/2016). Accessed at <https://github.com/globalbioticinteractions/fishbase/archive/7e67537c10ab6def64e0e7aa7953af28f6198d2a.zip> on 24 Apr 2017.
Insecta imago			Insecta	 | Eukaryota | Opisthokonta | Metazoa | Eumetazoa | Bilateria | Protostomia | Ecdysozoa | Panarthropoda | Arthropoda | Mandibulata | Pancrustacea | Hexapoda | Insecta	NCBI:50557	Maksimenkov, V.V. and A.M. Tokranov. 1993. The diet of pond smelt, <i>Hypomesus olidus</i>, in the Bol'shaya River estuary (western Kamchatka). J. Ichthyol. 33(9):11-21.	Froese, R. and D. Pauly. Editors. 2016. FishBase. World Wide Web electronic publication. www.fishbase.org, version (10/2016). Accessed at <https://github.com/globalbioticinteractions/fishbase/archive/7e67537c10ab6def64e0e7aa7953af28f6198d2a.zip> on 24 Apr 2017.
Insecta varia			Insecta	Animalia | Arthropoda | Insecta	GBIF:216	Sokolov, L.I. 1966. Feeding of Siberian sturgeon <i>Acipenser baeri</i> Brandt of the Lena river. Vorposy Ikhtiologii 6(3):550-560.	Froese, R. and D. Pauly. Editors. 2016. FishBase. World Wide Web electronic publication. www.fishbase.org, version (10/2016). Accessed at <https://github.com/globalbioticinteractions/fishbase/archive/7e67537c10ab6def64e0e7aa7953af28f6198d2a.zip> on 24 Apr 2017.
Insecta varia			Insecta	Animalia | Arthropoda | Insecta	IRMNG:1096	Sokolov, L.I. 1966. Feeding of Siberian sturgeon <i>Acipenser baeri</i> Brandt of the Lena river. Vorposy Ikhtiologii 6(3):550-560.	Froese, R. and D. Pauly. Editors. 2016. FishBase. World Wide Web electronic publication. www.fishbase.org, version (10/2016). Accessed at <https://github.com/globalbioticinteractions/fishbase/archive/7e67537c10ab6def64e0e7aa7953af28f6198d2a.zip> on 24 Apr 2017.
Insecta varia			Insecta	Animalia | Bilateria | Protostomia | Ecdysozoa | Arthropoda | Hexapoda | Insecta	ITIS:99208	Sokolov, L.I. 1966. Feeding of Siberian sturgeon <i>Acipenser baeri</i> Brandt of the Lena river. Vorposy Ikhtiologii 6(3):550-560.	Froese, R. and D. Pauly. Editors. 2016. FishBase. World Wide Web electronic publication. www.fishbase.org, version (10/2016). Accessed at <https://github.com/globalbioticinteractions/fishbase/archive/7e67537c10ab6def64e0e7aa7953af28f6198d2a.zip> on 24 Apr 2017.
Insecta varia			Insecta	Animalia | Insecta	IF:10000726	Sokolov, L.I. 1966. Feeding of Siberian sturgeon <i>Acipenser baeri</i> Brandt of the Lena river. Vorposy Ikhtiologii 6(3):550-560.	Froese, R. and D. Pauly. Editors. 2016. FishBase. World Wide Web electronic publication. www.fishbase.org, version (10/2016). Accessed at <https://github.com/globalbioticinteractions/fishbase/archive/7e67537c10ab6def64e0e7aa7953af28f6198d2a.zip> on 24 Apr 2017.
Insecta varia			Insecta	Biota | Animalia | Arthropoda | Hexapoda | Insecta	WORMS:1307	Sokolov, L.I. 1966. Feeding of Siberian sturgeon <i>Acipenser baeri</i> Brandt of the Lena river. Vorposy Ikhtiologii 6(3):550-560.	Froese, R. and D. Pauly. Editors. 2016. FishBase. World Wide Web electronic publication. www.fishbase.org, version (10/2016). Accessed at <https://github.com/globalbioticinteractions/fishbase/archive/7e67537c10ab6def64e0e7aa7953af28f6198d2a.zip> on 24 Apr 2017.
Insecta varia			Insecta	 | Eukaryota | Opisthokonta | Metazoa | Eumetazoa | Bilateria | Protostomia | Ecdysozoa | Panarthropoda | Arthropoda | Mandibulata | Pancrustacea | Hexapoda | Insecta	NCBI:50557	Sokolov, L.I. 1966. Feeding of Siberian sturgeon <i>Acipenser baeri</i> Brandt of the Lena river. Vorposy Ikhtiologii 6(3):550-560.	Froese, R. and D. Pauly. Editors. 2016. FishBase. World Wide Web electronic publication. www.fishbase.org, version (10/2016). Accessed at <https://github.com/globalbioticinteractions/fishbase/archive/7e67537c10ab6def64e0e7aa7953af28f6198d2a.zip> on 24 Apr 2017.
insect debris						Kullander, S.O. 1986. Cichlid fishes of the Amazon River drainage of Peru. Department of Vertebrate Zoology, Research Division, Swedish Museum of Natural History, Stockholm, Sweden, 394 p.	Froese, R. and D. Pauly. Editors. 2016. FishBase. World Wide Web electronic publication. www.fishbase.org, version (10/2016). Accessed at <https://github.com/globalbioticinteractions/fishbase/archive/7e67537c10ab6def64e0e7aa7953af28f6198d2a.zip> on 24 Apr 2017.
insect egg						Chung, D.S.L., P.K.L. Ng and D.H. Murphy. 1994. Preliminary studies of the feeding ecology of blackwater Belontiidae of North Selangor, Peninsular Malaysia. p. 76-86. Proc. 4th Indo-Pacific Fish Con. Bangkok, Thailand. Systematics and Evolution of Indo-Pacific Fishes. Faculty of Fisheries, Kasetart University.	Froese, R. and D. Pauly. Editors. 2016. FishBase. World Wide Web electronic publication. www.fishbase.org, version (10/2016). Accessed at <https://github.com/globalbioticinteractions/fishbase/archive/7e67537c10ab6def64e0e7aa7953af28f6198d2a.zip> on 24 Apr 2017.
insect eggs						Chung, D.S.L., P.K.L. Ng and D.H. Murphy. 1994. Preliminary studies of the feeding ecology of blackwater Belontiidae of North Selangor, Peninsular Malaysia. p. 76-86. Proc. 4th Indo-Pacific Fish Con. Bangkok, Thailand. Systematics and Evolution of Indo-Pacific Fishes. Faculty of Fisheries, Kasetart University.	Froese, R. and D. Pauly. Editors. 2016. FishBase. World Wide Web electronic publication. www.fishbase.org, version (10/2016). Accessed at <https://github.com/globalbioticinteractions/fishbase/archive/7e67537c10ab6def64e0e7aa7953af28f6198d2a.zip> on 24 Apr 2017.
insect eggs						Delmendo, M.N. 1968. Food and feeding habits of the economic species of fish in Laguna de Bay. Proc. of the Indo-Pacific Fisheries Council, 13th Session, Brisbane, Queensland, Australia, IPFC Secretariat, FAO Regional Office for Asia and the Far East, Bangkok, Thailand.	Froese, R. and D. Pauly. Editors. 2016. FishBase. World Wide Web electronic publication. www.fishbase.org, version (10/2016). Accessed at <https://github.com/globalbioticinteractions/fishbase/archive/7e67537c10ab6def64e0e7aa7953af28f6198d2a.zip> on 24 Apr 2017.
insect eggs						Dufech, A.P.S., M.A. Azevedo and C.B. Fialho. 2003. Comparative dietary analysis of two populations of <i>Mimagoniates rheocharis</i> (Characidae: Glandulocaudinae) from two streams of Southern Brazil. Neotrop. Ichthyol. 1(1):67-74.	Froese, R. and D. Pauly. Editors. 2016. FishBase. World Wide Web electronic publication. www.fishbase.org, version (10/2016). Accessed at <https://github.com/globalbioticinteractions/fishbase/archive/7e67537c10ab6def64e0e7aa7953af28f6198d2a.zip> on 24 Apr 2017.
insect eggs						McClure, M.M., P.B. McIntyre and A.R. McCune. 2006. Notes on the natural diet and habitat of eight danionin fishes, including the zebrafish <i>Danio rerio</i>. J. Fish Biol. 69:553-570.	Froese, R. and D. Pauly. Editors. 2016. FishBase. World Wide Web electronic publication. www.fishbase.org, version (10/2016). Accessed at <https://github.com/globalbioticinteractions/fishbase/archive/7e67537c10ab6def64e0e7aa7953af28f6198d2a.zip> on 24 Apr 2017.
insect fragments						Dzyuba, E.V., N.G. Mel'nik and E.Y. Naumova. 2000. Feeding spectra of the young of <i>Cottocomephorus inermis</i> (Cottidae) in Lake Baikal. J. Ichthyol. 40(4):342-345.	Froese, R. and D. Pauly. Editors. 2016. FishBase. World Wide Web electronic publication. www.fishbase.org, version (10/2016). Accessed at <https://github.com/globalbioticinteractions/fishbase/archive/7e67537c10ab6def64e0e7aa7953af28f6198d2a.zip> on 24 Apr 2017.
Insect hard remnants			Insect	 | Bacteria | Tenericutes | Mollicutes | Acholeplasmatales | Acholeplasmataceae | Candidatus |  | Insect	NCBI:1286942	Janssens de Bisthoven, L., J. Snoeks, F. Ollevier and D.F.E. Thys van den Audenaerde. 1990. The food of <i>Haplochromis burtoni</i> (Pisces: Cichlidae) of Lake Mugesera (Rwanda). Belg. J. Zool. 120(1):37-49.	Froese, R. and D. Pauly. Editors. 2016. FishBase. World Wide Web electronic publication. www.fishbase.org, version (10/2016). Accessed at <https://github.com/globalbioticinteractions/fishbase/archive/7e67537c10ab6def64e0e7aa7953af28f6198d2a.zip> on 24 Apr 2017.
Insect imago			Insect	 | Bacteria | Tenericutes | Mollicutes | Acholeplasmatales | Acholeplasmataceae | Candidatus |  | Insect	NCBI:1286942	Kunin, M.A. 1980. Biological indices of the eastern bream, <i>Abramis brama orientalis</i>, in relation to the different feeding capacity of its environment. J.Ichthyol. 20(4):42-49.	Froese, R. and D. Pauly. Editors. 2016. FishBase. World Wide Web electronic publication. www.fishbase.org, version (10/2016). Accessed at <https://github.com/globalbioticinteractions/fishbase/archive/7e67537c10ab6def64e0e7aa7953af28f6198d2a.zip> on 24 Apr 2017.
insect imago						Kondur, L.V. 1979. The food of the shovelnose sturgeon <i>Pseudoscaphirhynchus kaufmanni</i>, of the Vakhsh river. J. Ichthyol. 19(5):155-158.	Froese, R. and D. Pauly. Editors. 2016. FishBase. World Wide Web electronic publication. www.fishbase.org, version (10/2016). Accessed at <https://github.com/globalbioticinteractions/fishbase/archive/7e67537c10ab6def64e0e7aa7953af28f6198d2a.zip> on 24 Apr 2017.
insectivorous mammals						Safronov, S.N. and T.V. Zvezdov. 2005. <i>Salvelinus vasiljevae</i> sp. nova, a new species of freshwater chars (Salmonidae, Salmoniformes) from northwestern Sakhalin. J. Ichthyol. 45(9):700-711.	Froese, R. and D. Pauly. Editors. 2016. FishBase. World Wide Web electronic publication. www.fishbase.org, version (10/2016). Accessed at <https://github.com/globalbioticinteractions/fishbase/archive/7e67537c10ab6def64e0e7aa7953af28f6198d2a.zip> on 24 Apr 2017.
insect larvae						Andrade, P.M. and F.M.S. Braga. 2005. Diet and feeding of fish from Grande River, located below the Volta Grande reservoir, MG-SP. Braz. J. Biol. 65(3):377-385.	Froese, R. and D. Pauly. Editors. 2016. FishBase. World Wide Web electronic publication. www.fishbase.org, version (10/2016). Accessed at <https://github.com/globalbioticinteractions/fishbase/archive/7e67537c10ab6def64e0e7aa7953af28f6198d2a.zip> on 24 Apr 2017.
insect larvae						Bussing, W.A. 1998. Peces de las aguas continentales de Costa Rica [Freshwater fishes of Costa Rica]. 2nd Ed. San José Costa Rica: Editorial de la Universidad de Costa Rica. 468 p.	Froese, R. and D. Pauly. Editors. 2016. FishBase. World Wide Web electronic publication. www.fishbase.org, version (10/2016). Accessed at <https://github.com/globalbioticinteractions/fishbase/archive/7e67537c10ab6def64e0e7aa7953af28f6198d2a.zip> on 24 Apr 2017.
insect larvae						Crampton, W.G., K.C. Hulen and J.S. Albert. 2004. <i>Sternopygus branco</i>: a new species of neotropical electric fish (Gymnotiformes: Sternopygidae) from the lowland Amazon basin, with descriptions of osteology, ecology, and electric organ discharges. Copeia 2004(2):245-259.	Froese, R. and D. Pauly. Editors. 2016. FishBase. World Wide Web electronic publication. www.fishbase.org, version (10/2016). Accessed at <https://github.com/globalbioticinteractions/fishbase/archive/7e67537c10ab6def64e0e7aa7953af28f6198d2a.zip> on 24 Apr 2017.
insect larvae						Gabrielyan, B.K. 2001. An annotated checklist of freshwater fishes of Armenia. Naga ICLARM Q. 24(3&4):23-29.	Froese, R. and D. Pauly. Editors. 2016. FishBase. World Wide Web electronic publication. www.fishbase.org, version (10/2016). Accessed at <https://github.com/globalbioticinteractions/fishbase/archive/7e67537c10ab6def64e0e7aa7953af28f6198d2a.zip> on 24 Apr 2017.
Insect larvae			Insect	 | Bacteria | Tenericutes | Mollicutes | Acholeplasmatales | Acholeplasmataceae | Candidatus |  | Insect	NCBI:1286942	Nagelkerke, L.A.J. and F.A. Sibbing. 1997. A revision of the large barbs (<i>Barbus</i> spp., Cyprinidae, Teleostei) of Lake Tana, Ethiopia, with a description of seven new species. p. 105-170. In L.A.J. Nagelkerke (ed.) The barbs of Lake Tana, Ethiopia: morphological diversity and its implications for taxonomy, trophic resource partititioning and fisheries. Wageningen University, The Netherlands.	Froese, R. and D. Pauly. Editors. 2016. FishBase. World Wide Web electronic publication. www.fishbase.org, version (10/2016). Accessed at <https://github.com/globalbioticinteractions/fishbase/archive/7e67537c10ab6def64e0e7aa7953af28f6198d2a.zip> on 24 Apr 2017.
insect larvae						Kottelat, M. 1998. Fishes of the Nam Theun and Xe Bangfai basins, Laos, with diagnoses of twenty-two new species (Teleostei: Cyprinidae, Balitoridae, Cobitidae, Coiidae and Odontobutidae). Ichthyol. Explor. Freshwat. 9(1):1-128.	Froese, R. and D. Pauly. Editors. 2016. FishBase. World Wide Web electronic publication. www.fishbase.org, version (10/2016). Accessed at <https://github.com/globalbioticinteractions/fishbase/archive/7e67537c10ab6def64e0e7aa7953af28f6198d2a.zip> on 24 Apr 2017.
insect larvae						Nagelkerke, L.A.J. and F.A. Sibbing. 1997. A revision of the large barbs (<i>Barbus</i> spp., Cyprinidae, Teleostei) of Lake Tana, Ethiopia, with a description of seven new species. p. 105-170. In L.A.J. Nagelkerke (ed.) The barbs of Lake Tana, Ethiopia: morphological diversity and its implications for taxonomy, trophic resource partititioning and fisheries. Wageningen University, The Netherlands.	Froese, R. and D. Pauly. Editors. 2016. FishBase. World Wide Web electronic publication. www.fishbase.org, version (10/2016). Accessed at <https://github.com/globalbioticinteractions/fishbase/archive/7e67537c10ab6def64e0e7aa7953af28f6198d2a.zip> on 24 Apr 2017.
insect larvae						Quignard, J.-P. and C. Douchement. 1991. <i>Alosa alosa</i> (Linnaeus 1758). p. 89-126. In H. Hoestlandt (ed.) The freshwater fishes of Europe. Vol. 2. Clupeidae, Anguillidae. AULA-Verlag Wiesbaden.	Froese, R. and D. Pauly. Editors. 2016. FishBase. World Wide Web electronic publication. www.fishbase.org, version (10/2016). Accessed at <https://github.com/globalbioticinteractions/fishbase/archive/7e67537c10ab6def64e0e7aa7953af28f6198d2a.zip> on 24 Apr 2017.
insect larvae						Talde, C.M., A.C. Mamaril and M.L.D. Palomares. 2004. The diet composition of some economically important fishes in the three floodplain lakes in Agusan Marsh wildlife sanctuary in the Philippines. Sri Lanka J. Aquat. Sci 9:45-56.	Froese, R. and D. Pauly. Editors. 2016. FishBase. World Wide Web electronic publication. www.fishbase.org, version (10/2016). Accessed at <https://github.com/globalbioticinteractions/fishbase/archive/7e67537c10ab6def64e0e7aa7953af28f6198d2a.zip> on 24 Apr 2017.
insect larvae						Tan, T.H.T. and P.K.L. Ng. 1996. Catfishes of the <i>Ompok leiacanthus</i> (Bleeker, 1853) species group (Teleostei: Siluridae) from Southeast Asia, with description of a new species. Raffles Bull. Zool. 44(2):531-542.	Froese, R. and D. Pauly. Editors. 2016. FishBase. World Wide Web electronic publication. www.fishbase.org, version (10/2016). Accessed at <https://github.com/globalbioticinteractions/fishbase/archive/7e67537c10ab6def64e0e7aa7953af28f6198d2a.zip> on 24 Apr 2017.
insect larvae						Ukkatawewat, S. 2050. The taxonomic characters and biology of some important freshwater fishes in Thailand. Manuscript. National Inland Fisheries Institute, Department of Fisheries, Ministry of Agriculture, Bangkok, Thailand, 55 p.	Froese, R. and D. Pauly. Editors. 2016. FishBase. World Wide Web electronic publication. www.fishbase.org, version (10/2016). Accessed at <https://github.com/globalbioticinteractions/fishbase/archive/7e67537c10ab6def64e0e7aa7953af28f6198d2a.zip> on 24 Apr 2017.
insect larvae						Yamamoto, M.N. and A.W. Tagawa. 2000. Hawai'i's native and exotic freshwater animals. Mutual Publishing, Honolulu, Hawaii. 200 p.	Froese, R. and D. Pauly. Editors. 2016. FishBase. World Wide Web electronic publication. www.fishbase.org, version (10/2016). Accessed at <https://github.com/globalbioticinteractions/fishbase/archive/7e67537c10ab6def64e0e7aa7953af28f6198d2a.zip> on 24 Apr 2017.
insect nymphs						Andrade, P.M. and F.M.S. Braga. 2005. Diet and feeding of fish from Grande River, located below the Volta Grande reservoir, MG-SP. Braz. J. Biol. 65(3):377-385.	Froese, R. and D. Pauly. Editors. 2016. FishBase. World Wide Web electronic publication. www.fishbase.org, version (10/2016). Accessed at <https://github.com/globalbioticinteractions/fishbase/archive/7e67537c10ab6def64e0e7aa7953af28f6198d2a.zip> on 24 Apr 2017.
Insect remains			Insect	 | Bacteria | Tenericutes | Mollicutes | Acholeplasmatales | Acholeplasmataceae | Candidatus |  | Insect	NCBI:1286942	Ikomi, R.B. and F.D. Sikoki. 2003. Studies on the ecology of the African longfin tetra, <i>Brycinus longipinnis</i> Günther, 1864 in the Jamieson river (Niger Delta, Nigeria). Acta Ichthyol. Pisc. 33( Fasc. 1):17-36.	Froese, R. and D. Pauly. Editors. 2016. FishBase. World Wide Web electronic publication. www.fishbase.org, version (10/2016). Accessed at <https://github.com/globalbioticinteractions/fishbase/archive/7e67537c10ab6def64e0e7aa7953af28f6198d2a.zip> on 24 Apr 2017.
Insect remains			Insect	 | Bacteria | Tenericutes | Mollicutes | Acholeplasmatales | Acholeplasmataceae | Candidatus |  | Insect	NCBI:1286942	Trewavas, E. 1983. Tilapiine fishes of the genera <i>Sarotherodon</i>, <i>Oreochromis</i> and <i>Danakilia</i>. British Mus. Nat. Hist., London, UK. 583 p.	Froese, R. and D. Pauly. Editors. 2016. FishBase. World Wide Web electronic publication. www.fishbase.org, version (10/2016). Accessed at <https://github.com/globalbioticinteractions/fishbase/archive/7e67537c10ab6def64e0e7aa7953af28f6198d2a.zip> on 24 Apr 2017.
Insect remains			Insect	 | Bacteria | Tenericutes | Mollicutes | Acholeplasmatales | Acholeplasmataceae | Candidatus |  | Insect	NCBI:1286942	Vasconcelos Filho, A.L., S. Neumann-Leitão, M. Ramos-Porto and Z.S. de Almeida. 2007. Biologia alimentar de <i>Citharichthys spilopterus</i> (Paralichthyidae) em um estuário tropical, Pernambuco, Brasil. Rev. Bras. Enga. Pesca 2(2):6-12.	Froese, R. and D. Pauly. Editors. 2016. FishBase. World Wide Web electronic publication. www.fishbase.org, version (10/2016). Accessed at <https://github.com/globalbioticinteractions/fishbase/archive/7e67537c10ab6def64e0e7aa7953af28f6198d2a.zip> on 24 Apr 2017.
Insect remains			Insect	 | Bacteria | Tenericutes | Mollicutes | Acholeplasmatales | Acholeplasmataceae | Candidatus |  | Insect	NCBI:1286942	Welcomme, R.L. 1967. Observations on the biology of the introduced species of <i>Tilapia</i> in Lake Victoria. Rev. Zool. Bot. Afr. 76(3-4):249-279.	Froese, R. and D. Pauly. Editors. 2016. FishBase. World Wide Web electronic publication. www.fishbase.org, version (10/2016). Accessed at <https://github.com/globalbioticinteractions/fishbase/archive/7e67537c10ab6def64e0e7aa7953af28f6198d2a.zip> on 24 Apr 2017.
insect remains						Miller, R.R. 1950. <i>Profundulus hildebrandi</i>, a new cyprinodontid fish from Chiapas, Mexico. Copeia 1950(1):22-30.	Froese, R. and D. Pauly. Editors. 2016. FishBase. World Wide Web electronic publication. www.fishbase.org, version (10/2016). Accessed at <https://github.com/globalbioticinteractions/fishbase/archive/7e67537c10ab6def64e0e7aa7953af28f6198d2a.zip> on 24 Apr 2017.
insects larvae						Andrade, P.M. and F.M.S. Braga. 2005. Diet and feeding of fish from Grande River, located below the Volta Grande reservoir, MG-SP. Braz. J. Biol. 65(3):377-385.	Froese, R. and D. Pauly. Editors. 2016. FishBase. World Wide Web electronic publication. www.fishbase.org, version (10/2016). Accessed at <https://github.com/globalbioticinteractions/fishbase/archive/7e67537c10ab6def64e0e7aa7953af28f6198d2a.zip> on 24 Apr 2017.
insects larvae						Chang, F. and E. Castro. 1999. <i>Crossoloricaria bahuaja</i>, a new loricariid fish from Madre de Dios, southeastern Peru. Ichthyol. Explor. Freshwat. 10(1):81-88.	Froese, R. and D. Pauly. Editors. 2016. FishBase. World Wide Web electronic publication. www.fishbase.org, version (10/2016). Accessed at <https://github.com/globalbioticinteractions/fishbase/archive/7e67537c10ab6def64e0e7aa7953af28f6198d2a.zip> on 24 Apr 2017.
insects larvae						Crivelli, A.J. 1996. The freshwater fish endemic to the Mediterranean region. An action plan for their conservation. Tour du Valat Publication, 171 p.	Froese, R. and D. Pauly. Editors. 2016. FishBase. World Wide Web electronic publication. www.fishbase.org, version (10/2016). Accessed at <https://github.com/globalbioticinteractions/fishbase/archive/7e67537c10ab6def64e0e7aa7953af28f6198d2a.zip> on 24 Apr 2017.
insects larvae						Dulmaa, A. 1999. Fish and fisheries in Mongolia. p. 187-236. In T. Petr (ed.) Fish and fisheries at higher altitudes: Asia. FAO Fish. Tech. Pap. No. 385. FAO, Rome. 304 p.	Froese, R. and D. Pauly. Editors. 2016. FishBase. World Wide Web electronic publication. www.fishbase.org, version (10/2016). Accessed at <https://github.com/globalbioticinteractions/fishbase/archive/7e67537c10ab6def64e0e7aa7953af28f6198d2a.zip> on 24 Apr 2017.
insects larvae						Etnier, D.A. and W.C. Starnes. 1993. The fishes of Tennessee. The University of Tennessee Press, Knoxville, Tennessee, USA. (pls. check date).	Froese, R. and D. Pauly. Editors. 2016. FishBase. World Wide Web electronic publication. www.fishbase.org, version (10/2016). Accessed at <https://github.com/globalbioticinteractions/fishbase/archive/7e67537c10ab6def64e0e7aa7953af28f6198d2a.zip> on 24 Apr 2017.
insects larvae						Honebrink, R. 1990. Fishing in Hawaii: a student manual. Education Program, Division of Aquatic Resources, Honolulu, Hawaii. 79 p.	Froese, R. and D. Pauly. Editors. 2016. FishBase. World Wide Web electronic publication. www.fishbase.org, version (10/2016). Accessed at <https://github.com/globalbioticinteractions/fishbase/archive/7e67537c10ab6def64e0e7aa7953af28f6198d2a.zip> on 24 Apr 2017.
insects larvae						Kottelat, M. and J. Freyhof. 2007. Handbook of European freshwater fishes. Publications Kottelat, Cornol and Freyhof, Berlin. 646 pp.	Froese, R. and D. Pauly. Editors. 2016. FishBase. World Wide Web electronic publication. www.fishbase.org, version (10/2016). Accessed at <https://github.com/globalbioticinteractions/fishbase/archive/7e67537c10ab6def64e0e7aa7953af28f6198d2a.zip> on 24 Apr 2017.
insects larvae						Lamboj, A. 2004. The Cichlid Fishes of Western Africa. Birgit Schmettkamp Verlag, Bornheim, Germany. 255p.	Froese, R. and D. Pauly. Editors. 2016. FishBase. World Wide Web electronic publication. www.fishbase.org, version (10/2016). Accessed at <https://github.com/globalbioticinteractions/fishbase/archive/7e67537c10ab6def64e0e7aa7953af28f6198d2a.zip> on 24 Apr 2017.
insects larvae						Landim, M.I. and W.J.E.M. Costa. 2002. <i>Listrura tetraradiata</i> (Siluriformes: Trichomycteridae): a new glanapterygine catfish from the southeastern Brazilian coastal plains. Copeia 2002(1):152-156.	Froese, R. and D. Pauly. Editors. 2016. FishBase. World Wide Web electronic publication. www.fishbase.org, version (10/2016). Accessed at <https://github.com/globalbioticinteractions/fishbase/archive/7e67537c10ab6def64e0e7aa7953af28f6198d2a.zip> on 24 Apr 2017.
insects larvae						Stewart, K.W. and D.A. Watkinson. 2004. The freshwater fishes of Manitoba. University of Manitoba Press, Winnipeg, Manitoba. 276 p.	Froese, R. and D. Pauly. Editors. 2016. FishBase. World Wide Web electronic publication. www.fishbase.org, version (10/2016). Accessed at <https://github.com/globalbioticinteractions/fishbase/archive/7e67537c10ab6def64e0e7aa7953af28f6198d2a.zip> on 24 Apr 2017.
insects larvae						Tibbetts, I.R. and L. Carseldine. 2005. Trophic shifts in three subtropical Australian halfbeaks (Teleostei: Hemiramphidae). Mar. Fresh. Res. 56:925-932.	Froese, R. and D. Pauly. Editors. 2016. FishBase. World Wide Web electronic publication. www.fishbase.org, version (10/2016). Accessed at <https://github.com/globalbioticinteractions/fishbase/archive/7e67537c10ab6def64e0e7aa7953af28f6198d2a.zip> on 24 Apr 2017.
insects larvae						Yamamoto, M.N. and A.W. Tagawa. 2000. Hawai'i's native and exotic freshwater animals. Mutual Publishing, Honolulu, Hawaii. 200 p.	Froese, R. and D. Pauly. Editors. 2016. FishBase. World Wide Web electronic publication. www.fishbase.org, version (10/2016). Accessed at <https://github.com/globalbioticinteractions/fishbase/archive/7e67537c10ab6def64e0e7aa7953af28f6198d2a.zip> on 24 Apr 2017.
insects nymphs						Andrade, P.M. and F.M.S. Braga. 2005. Diet and feeding of fish from Grande River, located below the Volta Grande reservoir, MG-SP. Braz. J. Biol. 65(3):377-385.	Froese, R. and D. Pauly. Editors. 2016. FishBase. World Wide Web electronic publication. www.fishbase.org, version (10/2016). Accessed at <https://github.com/globalbioticinteractions/fishbase/archive/7e67537c10ab6def64e0e7aa7953af28f6198d2a.zip> on 24 Apr 2017.
insects nymphs						Tibbetts, I.R. and L. Carseldine. 2005. Trophic shifts in three subtropical Australian halfbeaks (Teleostei: Hemiramphidae). Mar. Fresh. Res. 56:925-932.	Froese, R. and D. Pauly. Editors. 2016. FishBase. World Wide Web electronic publication. www.fishbase.org, version (10/2016). Accessed at <https://github.com/globalbioticinteractions/fishbase/archive/7e67537c10ab6def64e0e7aa7953af28f6198d2a.zip> on 24 Apr 2017.
insects remains						Adebisi, A.A. 1981. Analyses of the stomach contents of the piscivorous fishes of the upper Ogun River in Nigeria. Hydrobiologia 79(2):167-177.	Froese, R. and D. Pauly. Editors. 2016. FishBase. World Wide Web electronic publication. www.fishbase.org, version (10/2016). Accessed at <https://github.com/globalbioticinteractions/fishbase/archive/7e67537c10ab6def64e0e7aa7953af28f6198d2a.zip> on 24 Apr 2017.
insects remains						Matthes, H. 1964. Les poissons du lac Tumba et de la région d'Ikela. Étude systématique et écologique. Ann. Mus. R. Afr. Centr., série in-8°, Sci. Zool. 126:204 p.	Froese, R. and D. Pauly. Editors. 2016. FishBase. World Wide Web electronic publication. www.fishbase.org, version (10/2016). Accessed at <https://github.com/globalbioticinteractions/fishbase/archive/7e67537c10ab6def64e0e7aa7953af28f6198d2a.zip> on 24 Apr 2017.
invertberates						Gómez-Canchong, P., L. Manjarrés M., L.O. Duarte and J. Altamar. 2004. Atlas pesquero del area norte del Mar Caribe de Colombia. Universidad del Magadalena, Santa Marta. 230 p.	Froese, R. and D. Pauly. Editors. 2016. FishBase. World Wide Web electronic publication. www.fishbase.org, version (10/2016). Accessed at <https://github.com/globalbioticinteractions/fishbase/archive/7e67537c10ab6def64e0e7aa7953af28f6198d2a.zip> on 24 Apr 2017.
invertebrados						Gómez-Canchong, P., L. Manjarrés M., L.O. Duarte and J. Altamar. 2004. Atlas pesquero del area norte del Mar Caribe de Colombia. Universidad del Magadalena, Santa Marta. 230 p.	Froese, R. and D. Pauly. Editors. 2016. FishBase. World Wide Web electronic publication. www.fishbase.org, version (10/2016). Accessed at <https://github.com/globalbioticinteractions/fishbase/archive/7e67537c10ab6def64e0e7aa7953af28f6198d2a.zip> on 24 Apr 2017.
invertebrate						Albrecht, M.P. and E. Pellegrini-Caramaschi. 2003. Feeding ecology of <i>Leporinus taeniofasciatus</i> (Characiformes: Anostomidae) before and after installation of a hydroelectric palnt in the upper rio Tocantins, Brazil. Neotrop. Ichthyol. 1(1):53-60.	Froese, R. and D. Pauly. Editors. 2016. FishBase. World Wide Web electronic publication. www.fishbase.org, version (10/2016). Accessed at <https://github.com/globalbioticinteractions/fishbase/archive/7e67537c10ab6def64e0e7aa7953af28f6198d2a.zip> on 24 Apr 2017.
Invertebrate						Albrecht, M.P. and E. Pellegrini-Caramaschi. 2003. Feeding ecology of <i>Leporinus taeniofasciatus</i> (Characiformes: Anostomidae) before and after installation of a hydroelectric palnt in the upper rio Tocantins, Brazil. Neotrop. Ichthyol. 1(1):53-60.	Froese, R. and D. Pauly. Editors. 2016. FishBase. World Wide Web electronic publication. www.fishbase.org, version (10/2016). Accessed at <https://github.com/globalbioticinteractions/fishbase/archive/7e67537c10ab6def64e0e7aa7953af28f6198d2a.zip> on 24 Apr 2017.
invertebrate						Conway, D.V.P. 1980. The food of larval blue whiting, <i>Micromesistius poutassou</i> (Risso), in the Rockall area. J. Fish Biol. 16:709-723.	Froese, R. and D. Pauly. Editors. 2016. FishBase. World Wide Web electronic publication. www.fishbase.org, version (10/2016). Accessed at <https://github.com/globalbioticinteractions/fishbase/archive/7e67537c10ab6def64e0e7aa7953af28f6198d2a.zip> on 24 Apr 2017.
invertebrate cysts						Mol, J.H. 1995. Ontogenetic diet shifts and diet overlap among three closely related neotropical armoured catfishes. J. Fish Biol. 47:788-807.	Froese, R. and D. Pauly. Editors. 2016. FishBase. World Wide Web electronic publication. www.fishbase.org, version (10/2016). Accessed at <https://github.com/globalbioticinteractions/fishbase/archive/7e67537c10ab6def64e0e7aa7953af28f6198d2a.zip> on 24 Apr 2017.
invertebrate eggs						Adite, A., K.O. Winemiller and E.D. Fiogbe. 2005. Ontogenetic, seasonal, and spatial variation in the diet of <i>Heterotis niloticus</i> (Osteoglossiformes: Osteoglossidae) in the Sô River and Lake Hlan, Benin, West Africa. Environ. Biol. Fish. 73:367-378.	Froese, R. and D. Pauly. Editors. 2016. FishBase. World Wide Web electronic publication. www.fishbase.org, version (10/2016). Accessed at <https://github.com/globalbioticinteractions/fishbase/archive/7e67537c10ab6def64e0e7aa7953af28f6198d2a.zip> on 24 Apr 2017.
invertebrate eggs						Grover, J.J, D.B. Eggleston and J.M. Shenker. 1998. Transition from pelagic to demersal phase in early - juvenile Nassau Grouper <i>Ephinephelus striatus</i>: pigmentation, squamation and ontogeny of diet. Bull. Mar. Sci. 62(1):97-113.	Froese, R. and D. Pauly. Editors. 2016. FishBase. World Wide Web electronic publication. www.fishbase.org, version (10/2016). Accessed at <https://github.com/globalbioticinteractions/fishbase/archive/7e67537c10ab6def64e0e7aa7953af28f6198d2a.zip> on 24 Apr 2017.
invertebrate eggs						Janssens de Bisthoven, L., J. Snoeks, F. Ollevier and D.F.E. Thys van den Audenaerde. 1990. The food of <i>Haplochromis burtoni</i> (Pisces: Cichlidae) of Lake Mugesera (Rwanda). Belg. J. Zool. 120(1):37-49.	Froese, R. and D. Pauly. Editors. 2016. FishBase. World Wide Web electronic publication. www.fishbase.org, version (10/2016). Accessed at <https://github.com/globalbioticinteractions/fishbase/archive/7e67537c10ab6def64e0e7aa7953af28f6198d2a.zip> on 24 Apr 2017.
invertebrate eggs						Nakamura, Y., M. Horinouchi, T. Nakai and M. Sano. 2003. Food habits of fishes in a seagrass bed on a fringing coral reef at Iriomote Island, southern Japan. Ichthyol. Res. 50:15-22.	Froese, R. and D. Pauly. Editors. 2016. FishBase. World Wide Web electronic publication. www.fishbase.org, version (10/2016). Accessed at <https://github.com/globalbioticinteractions/fishbase/archive/7e67537c10ab6def64e0e7aa7953af28f6198d2a.zip> on 24 Apr 2017.
invertebrate eggs						Pérez-España, H. and L.A. Abitia-Cárdenas. 1996. Description of the digestive tract and feeding habits of the king angelfish and the Cortes angelfish. J. Fish Biol. 48(5):807-817.	Froese, R. and D. Pauly. Editors. 2016. FishBase. World Wide Web electronic publication. www.fishbase.org, version (10/2016). Accessed at <https://github.com/globalbioticinteractions/fishbase/archive/7e67537c10ab6def64e0e7aa7953af28f6198d2a.zip> on 24 Apr 2017.
invertebrate eggs						Sánchez-Ramírez, M. 2003. Diet composition and feeding habits of Atlantic bumper, <i>Chloroscombrus chrysurus</i> (Pisces: Carangidae), larvae in the southern Gulf of Mexico. Bull. Mar. Sci. 72(3):675-683.	Froese, R. and D. Pauly. Editors. 2016. FishBase. World Wide Web electronic publication. www.fishbase.org, version (10/2016). Accessed at <https://github.com/globalbioticinteractions/fishbase/archive/7e67537c10ab6def64e0e7aa7953af28f6198d2a.zip> on 24 Apr 2017.
invertebrate eggs						Sano, M., M. Shimizu and Y. Nose. 1984. Food habits of teleostean reef fishes in Okinawa Island, southern Japan. University of Tokyo Bulletin, no. 25. v,128p. University of Tokyo Press, Tokyo, Japan. 128 p.	Froese, R. and D. Pauly. Editors. 2016. FishBase. World Wide Web electronic publication. www.fishbase.org, version (10/2016). Accessed at <https://github.com/globalbioticinteractions/fishbase/archive/7e67537c10ab6def64e0e7aa7953af28f6198d2a.zip> on 24 Apr 2017.
invertebrate eggs						Sturdevant, M.V., A.L.J. Brase and L.B. Hulbert. 2001. Feeding habits, prey fields, and potential competition of young-of-the-year walleye pollock (<i>Theragra chalcogramma</i>) and Pacific herring <i>Clupea pallasi</i>) in Prince William Sound, Alaska, 1994-1995. Fish. Bull 99:482-501.	Froese, R. and D. Pauly. Editors. 2016. FishBase. World Wide Web electronic publication. www.fishbase.org, version (10/2016). Accessed at <https://github.com/globalbioticinteractions/fishbase/archive/7e67537c10ab6def64e0e7aa7953af28f6198d2a.zip> on 24 Apr 2017.
invertebrate						Horinouchi, M., M. Sano, T. Taniuchi and M. Shimizu. 1996. Stomach contents of the tetraodontid fish, <i>Takifugu pardalis</i>, in <i>Zostera</i> beds at Aburatsubo, central Japan. Ichthyol. Res. 43(4):455-458.	Froese, R. and D. Pauly. Editors. 2016. FishBase. World Wide Web electronic publication. www.fishbase.org, version (10/2016). Accessed at <https://github.com/globalbioticinteractions/fishbase/archive/7e67537c10ab6def64e0e7aa7953af28f6198d2a.zip> on 24 Apr 2017.
invertebrate						Moyer, J.T. and M. Sano. 1987. Feeding habits of two sympatric ostraciid fishes at Miyake-jima, Japan. Jap. J. Ichthyol. 34(1):108-112.	Froese, R. and D. Pauly. Editors. 2016. FishBase. World Wide Web electronic publication. www.fishbase.org, version (10/2016). Accessed at <https://github.com/globalbioticinteractions/fishbase/archive/7e67537c10ab6def64e0e7aa7953af28f6198d2a.zip> on 24 Apr 2017.
invertebrates						Allen, G.R. 1975. The anemone fishes. Their classification and biology. Second edition. T.F.H. Publications, Inc., Neptune City, New Jersey.	Froese, R. and D. Pauly. Editors. 2016. FishBase. World Wide Web electronic publication. www.fishbase.org, version (10/2016). Accessed at <https://github.com/globalbioticinteractions/fishbase/archive/7e67537c10ab6def64e0e7aa7953af28f6198d2a.zip> on 24 Apr 2017.
invertebrates						Allen, G.R. 1989. Freshwater fishes of Australia. T.F.H. Publications, Inc., Neptune City, New Jersey.	Froese, R. and D. Pauly. Editors. 2016. FishBase. World Wide Web electronic publication. www.fishbase.org, version (10/2016). Accessed at <https://github.com/globalbioticinteractions/fishbase/archive/7e67537c10ab6def64e0e7aa7953af28f6198d2a.zip> on 24 Apr 2017.
invertebrates						Allen, G.R. and D.R. Robertson. 1994. Fishes of the tropical eastern Pacific. University of Hawaii Press, Honolulu. 332 p.	Froese, R. and D. Pauly. Editors. 2016. FishBase. World Wide Web electronic publication. www.fishbase.org, version (10/2016). Accessed at <https://github.com/globalbioticinteractions/fishbase/archive/7e67537c10ab6def64e0e7aa7953af28f6198d2a.zip> on 24 Apr 2017.
invertebrate						Sano, M., M. Shimizu and Y. Nose. 1984. Food habits of teleostean reef fishes in Okinawa Island, southern Japan. University of Tokyo Bulletin, no. 25. v,128p. University of Tokyo Press, Tokyo, Japan. 128 p.	Froese, R. and D. Pauly. Editors. 2016. FishBase. World Wide Web electronic publication. www.fishbase.org, version (10/2016). Accessed at <https://github.com/globalbioticinteractions/fishbase/archive/7e67537c10ab6def64e0e7aa7953af28f6198d2a.zip> on 24 Apr 2017.
invertebrates						Banister, K. 1986. Gasterosteidae. p. 640-643. In P.J.P. Whitehead, M.-L. Bauchot, J.-C. Hureau, J. Nielsen and E. Tortonese (eds.) Fishes of the north-eastern Atlantic and the Mediterranean. volume 2. UNESCO, Paris.	Froese, R. and D. Pauly. Editors. 2016. FishBase. World Wide Web electronic publication. www.fishbase.org, version (10/2016). Accessed at <https://github.com/globalbioticinteractions/fishbase/archive/7e67537c10ab6def64e0e7aa7953af28f6198d2a.zip> on 24 Apr 2017.
invertebrates						Cortés, E. 1999. Standardized diet compositions and trophic levels of sharks. ICES J. Mar. Sci. 56:707-717.	Froese, R. and D. Pauly. Editors. 2016. FishBase. World Wide Web electronic publication. www.fishbase.org, version (10/2016). Accessed at <https://github.com/globalbioticinteractions/fishbase/archive/7e67537c10ab6def64e0e7aa7953af28f6198d2a.zip> on 24 Apr 2017.
invertebrates eggs						Freire, K.M.F. and J.P. Castello. 2000. Feeding habits of <i>Engraulis anchoita</i> larvae off southern Brazil. Boletim do Instituto de Pesca, São Paulo, 26(2):189-201.	Froese, R. and D. Pauly. Editors. 2016. FishBase. World Wide Web electronic publication. www.fishbase.org, version (10/2016). Accessed at <https://github.com/globalbioticinteractions/fishbase/archive/7e67537c10ab6def64e0e7aa7953af28f6198d2a.zip> on 24 Apr 2017.
invertebrates eggs						Mérona, B. de and J. Rankin-de-Mérona. 2004. Food resource partitioning in a fish community of the central Amazon floodplain. Neotrop. Ichthyol. 2(2):75-84.	Froese, R. and D. Pauly. Editors. 2016. FishBase. World Wide Web electronic publication. www.fishbase.org, version (10/2016). Accessed at <https://github.com/globalbioticinteractions/fishbase/archive/7e67537c10ab6def64e0e7aa7953af28f6198d2a.zip> on 24 Apr 2017.
invertebrates						Fujita, T., D. Kitagawa, Y. Okuyama, Y. Ishito, T. Inada and Y. Jin. 1995. Diets of the demersal fishes on the shelf off Iwate, northern Japan. Mar. Biol. 123:219-233.	Froese, R. and D. Pauly. Editors. 2016. FishBase. World Wide Web electronic publication. www.fishbase.org, version (10/2016). Accessed at <https://github.com/globalbioticinteractions/fishbase/archive/7e67537c10ab6def64e0e7aa7953af28f6198d2a.zip> on 24 Apr 2017.
invertebrates						Gómez-Canchong, P., L. Manjarrés M., L.O. Duarte and J. Altamar. 2004. Atlas pesquero del area norte del Mar Caribe de Colombia. Universidad del Magadalena, Santa Marta. 230 p.	Froese, R. and D. Pauly. Editors. 2016. FishBase. World Wide Web electronic publication. www.fishbase.org, version (10/2016). Accessed at <https://github.com/globalbioticinteractions/fishbase/archive/7e67537c10ab6def64e0e7aa7953af28f6198d2a.zip> on 24 Apr 2017.
invertebrates						Johnson, J.H. and D.S. Dropkin. 1993. Diel variation in diet composition of a riverine fish community. Hydrobiologia 271(3):149-158.	Froese, R. and D. Pauly. Editors. 2016. FishBase. World Wide Web electronic publication. www.fishbase.org, version (10/2016). Accessed at <https://github.com/globalbioticinteractions/fishbase/archive/7e67537c10ab6def64e0e7aa7953af28f6198d2a.zip> on 24 Apr 2017.
invertebrates						Kreivi, P., T. Muotka, A. Huusko, A. Mäki-Petäys, A. Huhta and K. Meissner. 1999. Diel feeding periodicity, daily ration and prey selectivity in juvenile brown trout in a subarctic river. J. Fish Biol. 55(3):553-571.	Froese, R. and D. Pauly. Editors. 2016. FishBase. World Wide Web electronic publication. www.fishbase.org, version (10/2016). Accessed at <https://github.com/globalbioticinteractions/fishbase/archive/7e67537c10ab6def64e0e7aa7953af28f6198d2a.zip> on 24 Apr 2017.
invertebrates						Maugé, L.A. 1986. Gobiidae. p. 358-388. In J. Daget, J.-P. Gosse and D.F.E. Thys van den Audenaerde (eds.) Check-list of the freshwater fishes of Africa (CLOFFA). ISNB, Brussels; MRAC, Tervuren; and ORSTOM, Paris. Vol. 2.	Froese, R. and D. Pauly. Editors. 2016. FishBase. World Wide Web electronic publication. www.fishbase.org, version (10/2016). Accessed at <https://github.com/globalbioticinteractions/fishbase/archive/7e67537c10ab6def64e0e7aa7953af28f6198d2a.zip> on 24 Apr 2017.
invertebrates						Munyandorero, J. and L. Mwape. 2003. Some records on Lake Tanganyika clupeid and latid fish species. p. 132-155. In M.L.D. Palomares, B. Samb, T. Diouf, J.M. Vakily and D. Pauly (eds.) Fish biodiversity: local studies as basis for global inferences. ACP-EU Fish. Res. Rep. 14, 281p.	Froese, R. and D. Pauly. Editors. 2016. FishBase. World Wide Web electronic publication. www.fishbase.org, version (10/2016). Accessed at <https://github.com/globalbioticinteractions/fishbase/archive/7e67537c10ab6def64e0e7aa7953af28f6198d2a.zip> on 24 Apr 2017.
invertebrates						Nakano, S. 1999. Diet differentiation in polymorphic <i>Brachymystax lenok</i> in streams of southern Primor'e, Russia. Ichthyol. Res. 46(1):100-102.	Froese, R. and D. Pauly. Editors. 2016. FishBase. World Wide Web electronic publication. www.fishbase.org, version (10/2016). Accessed at <https://github.com/globalbioticinteractions/fishbase/archive/7e67537c10ab6def64e0e7aa7953af28f6198d2a.zip> on 24 Apr 2017.
invertebrates						Nolan, R.S. and R.H. Rosenblatt. 1975. A review of the deep-sea angler fish genus <i>Lasiognathus</i> (Pisces: Thaumatichthyidae). Copeia 1975(1):60-66.	Froese, R. and D. Pauly. Editors. 2016. FishBase. World Wide Web electronic publication. www.fishbase.org, version (10/2016). Accessed at <https://github.com/globalbioticinteractions/fishbase/archive/7e67537c10ab6def64e0e7aa7953af28f6198d2a.zip> on 24 Apr 2017.
invertebrates						Palko, B.J., G.L. Beardsley and W.J. Richards. 1982. Synopsis of the biological data on dolphin-fishes, <i>Coryphaena hippurus</i> Linnaeus and <i>Coryphaena equiselis</i> Linnaeus. FAO Fish. Synop. (130); NOAA Tech. Rep. NMFS Circ. (443).	Froese, R. and D. Pauly. Editors. 2016. FishBase. World Wide Web electronic publication. www.fishbase.org, version (10/2016). Accessed at <https://github.com/globalbioticinteractions/fishbase/archive/7e67537c10ab6def64e0e7aa7953af28f6198d2a.zip> on 24 Apr 2017.
invertebrates						Ribbink, A.J., B.A. Marsh, A.C. Marsh, A.C. Ribbink and B.J. Sharp. 1983. A preliminary survey of the cichlid fishes of rocky habitats in Lake Malawi. S. Afr. J. Zool. 18(3):147-310.	Froese, R. and D. Pauly. Editors. 2016. FishBase. World Wide Web electronic publication. www.fishbase.org, version (10/2016). Accessed at <https://github.com/globalbioticinteractions/fishbase/archive/7e67537c10ab6def64e0e7aa7953af28f6198d2a.zip> on 24 Apr 2017.
invertebrates						Sano, M., M. Shimizu and Y. Nose. 1984. Food habits of teleostean reef fishes in Okinawa Island, southern Japan. University of Tokyo Bulletin, no. 25. v,128p. University of Tokyo Press, Tokyo, Japan. 128 p.	Froese, R. and D. Pauly. Editors. 2016. FishBase. World Wide Web electronic publication. www.fishbase.org, version (10/2016). Accessed at <https://github.com/globalbioticinteractions/fishbase/archive/7e67537c10ab6def64e0e7aa7953af28f6198d2a.zip> on 24 Apr 2017.
invertebrates						Soto, M.A., G.J. Holt, S.A. Holt and J. Rooker. 1998. Food habits and dietary overlap of newly settled red drum (<i>Sciaenops ocellatus</i>) and Atlantic croaker (<i>Micropogonias undulatus</i>) from Texas seagrass meadows. Gulf Res. Rep. 10:41-55.	Froese, R. and D. Pauly. Editors. 2016. FishBase. World Wide Web electronic publication. www.fishbase.org, version (10/2016). Accessed at <https://github.com/globalbioticinteractions/fishbase/archive/7e67537c10ab6def64e0e7aa7953af28f6198d2a.zip> on 24 Apr 2017.
invertebrates						Thompson, G.E. and R.W. Davies. 1976. Observations on the age, growth, reproduction, and feeding of mountain whitefish (<i>Prosopium williamsoni</i>) in the Sheep River, Alberta. Trans. Am. Fish. Soc. 2:208-219.	Froese, R. and D. Pauly. Editors. 2016. FishBase. World Wide Web electronic publication. www.fishbase.org, version (10/2016). Accessed at <https://github.com/globalbioticinteractions/fishbase/archive/7e67537c10ab6def64e0e7aa7953af28f6198d2a.zip> on 24 Apr 2017.
invertebrates						Trajano, E. 1997. Threatened fishes of the world: <i>Pimelodella kronei</i> (Ribeiro, 1907) (Pimelodidae). Environ. Biol. Fish. 49:332.	Froese, R. and D. Pauly. Editors. 2016. FishBase. World Wide Web electronic publication. www.fishbase.org, version (10/2016). Accessed at <https://github.com/globalbioticinteractions/fishbase/archive/7e67537c10ab6def64e0e7aa7953af28f6198d2a.zip> on 24 Apr 2017.
invertebrates						Uzars, D. 1985. Food consumption in the Eastern Baltic cod for the 1963-1984 period. ICES C.M./J:3.	Froese, R. and D. Pauly. Editors. 2016. FishBase. World Wide Web electronic publication. www.fishbase.org, version (10/2016). Accessed at <https://github.com/globalbioticinteractions/fishbase/archive/7e67537c10ab6def64e0e7aa7953af28f6198d2a.zip> on 24 Apr 2017.
invertebrates with hard shells						da Silva Monteiro, V.M. 1998. Peixes de Cabo Verde. Ministério do Mar, Gabinete do Secretário de Estado da Cultura. M2-Artes Gráficas, Lda., Lisbon. 179p.	Froese, R. and D. Pauly. Editors. 2016. FishBase. World Wide Web electronic publication. www.fishbase.org, version (10/2016). Accessed at <https://github.com/globalbioticinteractions/fishbase/archive/7e67537c10ab6def64e0e7aa7953af28f6198d2a.zip> on 24 Apr 2017.
invertebrates						Yáñez-Arancibia, A. and A. Lara-Dominguez. 1988. Ecology of three sea catfishes (Ariidae) in a tropical coastal ecosystem-southern Gulf of Mexico. Mar. Ecol. Prog. Ser. 49:215-230.	Froese, R. and D. Pauly. Editors. 2016. FishBase. World Wide Web electronic publication. www.fishbase.org, version (10/2016). Accessed at <https://github.com/globalbioticinteractions/fishbase/archive/7e67537c10ab6def64e0e7aa7953af28f6198d2a.zip> on 24 Apr 2017.
invertebrate						Vigliola, L., R. Galzin, M.L. Harmelin-Vivien, F. Mazeas and B. Salvat. 1996. Les Heterocongrinae (Teleostei: Congridae) de la pente externe de Moorea (îsle de la Société, Polynésie Française): distribution et biologie. Cybium 20(4):379-393.	Froese, R. and D. Pauly. Editors. 2016. FishBase. World Wide Web electronic publication. www.fishbase.org, version (10/2016). Accessed at <https://github.com/globalbioticinteractions/fishbase/archive/7e67537c10ab6def64e0e7aa7953af28f6198d2a.zip> on 24 Apr 2017.
invetebrates						Gómez-Canchong, P., L. Manjarrés M., L.O. Duarte and J. Altamar. 2004. Atlas pesquero del area norte del Mar Caribe de Colombia. Universidad del Magadalena, Santa Marta. 230 p.	Froese, R. and D. Pauly. Editors. 2016. FishBase. World Wide Web electronic publication. www.fishbase.org, version (10/2016). Accessed at <https://github.com/globalbioticinteractions/fishbase/archive/7e67537c10ab6def64e0e7aa7953af28f6198d2a.zip> on 24 Apr 2017.
Iotrochata birotula			Iotrochota birotulata	Animalia | Porifera | Demospongea | Poecilosclerida | Iotrochotidae | Iotrochota | Iotrochota birotulata	IRMNG:11169767	Hourigan, T.F., F.G. Stanton, P.J. Motta, C.D. Kelley and B. Carlson. 1989. The feeding ecology of three species of Caribbean angelfishes (family Pomacanthidae). Environ. Biol. Fish. 24(2):105-116.	Froese, R. and D. Pauly. Editors. 2016. FishBase. World Wide Web electronic publication. www.fishbase.org, version (10/2016). Accessed at <https://github.com/globalbioticinteractions/fishbase/archive/7e67537c10ab6def64e0e7aa7953af28f6198d2a.zip> on 24 Apr 2017.
Iotrochata birotula			Iotrochota birotulata	Animalia | Porifera | Demospongiae | Poecilosclerida | Iotrochotidae | Iotrochota | Iotrochota birotulata	GBIF:2242653	Hourigan, T.F., F.G. Stanton, P.J. Motta, C.D. Kelley and B. Carlson. 1989. The feeding ecology of three species of Caribbean angelfishes (family Pomacanthidae). Environ. Biol. Fish. 24(2):105-116.	Froese, R. and D. Pauly. Editors. 2016. FishBase. World Wide Web electronic publication. www.fishbase.org, version (10/2016). Accessed at <https://github.com/globalbioticinteractions/fishbase/archive/7e67537c10ab6def64e0e7aa7953af28f6198d2a.zip> on 24 Apr 2017.
Iotrochata birotula			Iotrochota birotulata	Biota | Animalia | Porifera | Demospongiae | Heteroscleromorpha | Poecilosclerida | Iotrochotidae | Iotrochota | Iotrochota birotulata	WORMS:169379	Hourigan, T.F., F.G. Stanton, P.J. Motta, C.D. Kelley and B. Carlson. 1989. The feeding ecology of three species of Caribbean angelfishes (family Pomacanthidae). Environ. Biol. Fish. 24(2):105-116.	Froese, R. and D. Pauly. Editors. 2016. FishBase. World Wide Web electronic publication. www.fishbase.org, version (10/2016). Accessed at <https://github.com/globalbioticinteractions/fishbase/archive/7e67537c10ab6def64e0e7aa7953af28f6198d2a.zip> on 24 Apr 2017.
Iotrochata birotula			Iotrochota birotulata	Demospongiae | Poecilosclerida | Iotrochotidae | Iotrochota | Iotrochota birotulata	FBC:SLB:SpecCode:84490	Hourigan, T.F., F.G. Stanton, P.J. Motta, C.D. Kelley and B. Carlson. 1989. The feeding ecology of three species of Caribbean angelfishes (family Pomacanthidae). Environ. Biol. Fish. 24(2):105-116.	Froese, R. and D. Pauly. Editors. 2016. FishBase. World Wide Web electronic publication. www.fishbase.org, version (10/2016). Accessed at <https://github.com/globalbioticinteractions/fishbase/archive/7e67537c10ab6def64e0e7aa7953af28f6198d2a.zip> on 24 Apr 2017.
Iotrochata birotula			Iotrochota birotulata	 | Eukaryota | Opisthokonta | Metazoa | Porifera | Demospongiae | Poecilosclerida | Iotrochotidae | Iotrochota | Iotrochota birotulata	NCBI:283497	Hourigan, T.F., F.G. Stanton, P.J. Motta, C.D. Kelley and B. Carlson. 1989. The feeding ecology of three species of Caribbean angelfishes (family Pomacanthidae). Environ. Biol. Fish. 24(2):105-116.	Froese, R. and D. Pauly. Editors. 2016. FishBase. World Wide Web electronic publication. www.fishbase.org, version (10/2016). Accessed at <https://github.com/globalbioticinteractions/fishbase/archive/7e67537c10ab6def64e0e7aa7953af28f6198d2a.zip> on 24 Apr 2017.
Ischyroceros anguipes			Ischyrocerus anguipes	Animalia | Arthropoda | Malacostraca | Amphipoda | Ischyroceridae | Ischyrocerus | Ischyrocerus anguipes	GBIF:2219254	Martell, D.J. and G. McClelland. 1994. Diets of sympatric flatfishes, <i>Hippoglossoides platessoides, Pleuronectes ferrugineus, Pleuronectes americanus</i>, from Sable Island Bank, Canada. J. Fish Biol. 44(5):821-848.	Froese, R. and D. Pauly. Editors. 2016. FishBase. World Wide Web electronic publication. www.fishbase.org, version (10/2016). Accessed at <https://github.com/globalbioticinteractions/fishbase/archive/7e67537c10ab6def64e0e7aa7953af28f6198d2a.zip> on 24 Apr 2017.
Ischyroceros anguipes			Ischyrocerus anguipes	Animalia | Arthropoda | Malacostraca | Amphipoda | Ischyroceridae | Ischyrocerus | Ischyrocerus anguipes	IRMNG:10245897	Martell, D.J. and G. McClelland. 1994. Diets of sympatric flatfishes, <i>Hippoglossoides platessoides, Pleuronectes ferrugineus, Pleuronectes americanus</i>, from Sable Island Bank, Canada. J. Fish Biol. 44(5):821-848.	Froese, R. and D. Pauly. Editors. 2016. FishBase. World Wide Web electronic publication. www.fishbase.org, version (10/2016). Accessed at <https://github.com/globalbioticinteractions/fishbase/archive/7e67537c10ab6def64e0e7aa7953af28f6198d2a.zip> on 24 Apr 2017.
Ischyroceros anguipes			Ischyrocerus anguipes	Animalia | Bilateria | Protostomia | Ecdysozoa | Arthropoda | Crustacea | Malacostraca | Eumalacostraca | Peracarida | Amphipoda | Gammaridea | Ischyroceridae | Ischyrocerus | Ischyrocerus anguipes	ITIS:94153	Martell, D.J. and G. McClelland. 1994. Diets of sympatric flatfishes, <i>Hippoglossoides platessoides, Pleuronectes ferrugineus, Pleuronectes americanus</i>, from Sable Island Bank, Canada. J. Fish Biol. 44(5):821-848.	Froese, R. and D. Pauly. Editors. 2016. FishBase. World Wide Web electronic publication. www.fishbase.org, version (10/2016). Accessed at <https://github.com/globalbioticinteractions/fishbase/archive/7e67537c10ab6def64e0e7aa7953af28f6198d2a.zip> on 24 Apr 2017.
Ischyroceros anguipes			Ischyrocerus anguipes	Biota | Animalia | Arthropoda | Crustacea | Multicrustacea | Malacostraca | Eumalacostraca | Peracarida | Amphipoda | Senticaudata | Corophiida | Caprellidira | Photoidea | Ischyroceridae | Ischyrocerinae | Ischyrocerini | Ischyrocerus | Ischyrocerus anguipes	WORMS:102412	Martell, D.J. and G. McClelland. 1994. Diets of sympatric flatfishes, <i>Hippoglossoides platessoides, Pleuronectes ferrugineus, Pleuronectes americanus</i>, from Sable Island Bank, Canada. J. Fish Biol. 44(5):821-848.	Froese, R. and D. Pauly. Editors. 2016. FishBase. World Wide Web electronic publication. www.fishbase.org, version (10/2016). Accessed at <https://github.com/globalbioticinteractions/fishbase/archive/7e67537c10ab6def64e0e7aa7953af28f6198d2a.zip> on 24 Apr 2017.
Ischyroceros anguipes			Ischyrocerus anguipes	 | Eukaryota | Opisthokonta | Metazoa | Eumetazoa | Bilateria | Protostomia | Ecdysozoa | Panarthropoda | Arthropoda | Mandibulata | Pancrustacea | Crustacea | Malacostraca | Eumalacostraca | Peracarida | Amphipoda | Caprellidea | Caprellida | Ischyroceridae | Ischyrocerus | Ischyrocerus anguipes	NCBI:1053982	Martell, D.J. and G. McClelland. 1994. Diets of sympatric flatfishes, <i>Hippoglossoides platessoides, Pleuronectes ferrugineus, Pleuronectes americanus</i>, from Sable Island Bank, Canada. J. Fish Biol. 44(5):821-848.	Froese, R. and D. Pauly. Editors. 2016. FishBase. World Wide Web electronic publication. www.fishbase.org, version (10/2016). Accessed at <https://github.com/globalbioticinteractions/fishbase/archive/7e67537c10ab6def64e0e7aa7953af28f6198d2a.zip> on 24 Apr 2017.
Ischyroceros anguipes			Ischyrocerus anguipes	 | Eukaryota | Opisthokonta | Metazoa | Eumetazoa | Bilateria | Protostomia | Ecdysozoa | Panarthropoda | Arthropoda | Mandibulata | Pancrustacea | Crustacea | Malacostraca | Eumalacostraca | Peracarida | Amphipoda | Caprellidea | Caprellida | Ischyroceridae | Ischyrocerus | Ischyrocerus anguipes	NCBI:587150	Martell, D.J. and G. McClelland. 1994. Diets of sympatric flatfishes, <i>Hippoglossoides platessoides, Pleuronectes ferrugineus, Pleuronectes americanus</i>, from Sable Island Bank, Canada. J. Fish Biol. 44(5):821-848.	Froese, R. and D. Pauly. Editors. 2016. FishBase. World Wide Web electronic publication. www.fishbase.org, version (10/2016). Accessed at <https://github.com/globalbioticinteractions/fishbase/archive/7e67537c10ab6def64e0e7aa7953af28f6198d2a.zip> on 24 Apr 2017.
Ischyroceros anguipes			Ischyrocerus anguipes	Malacostraca | Amphipoda | Ischyroceridae | Ischyrocerus | Ischyrocerus anguipes	FBC:SLB:SpecCode:24373	Martell, D.J. and G. McClelland. 1994. Diets of sympatric flatfishes, <i>Hippoglossoides platessoides, Pleuronectes ferrugineus, Pleuronectes americanus</i>, from Sable Island Bank, Canada. J. Fish Biol. 44(5):821-848.	Froese, R. and D. Pauly. Editors. 2016. FishBase. World Wide Web electronic publication. www.fishbase.org, version (10/2016). Accessed at <https://github.com/globalbioticinteractions/fishbase/archive/7e67537c10ab6def64e0e7aa7953af28f6198d2a.zip> on 24 Apr 2017.
Ischyrocerus megachier			Ischyrocerus megacheir	Animalia | Arthropoda | Malacostraca | Amphipoda | Ischyroceridae | Ischyrocerus | Ischyrocerus megacheir	GBIF:2219262	Atkinson, E.G. and J.A. Percy. 1992. Diet comparison among demersal marine fish from the Canadian Arctic. Polar Biol. 11:567-573.	Froese, R. and D. Pauly. Editors. 2016. FishBase. World Wide Web electronic publication. www.fishbase.org, version (10/2016). Accessed at <https://github.com/globalbioticinteractions/fishbase/archive/7e67537c10ab6def64e0e7aa7953af28f6198d2a.zip> on 24 Apr 2017.
Ischyrocerus megachier			Ischyrocerus megacheir	Animalia | Arthropoda | Malacostraca | Amphipoda | Ischyroceridae | Ischyrocerus | Ischyrocerus megacheir	IRMNG:11038079	Atkinson, E.G. and J.A. Percy. 1992. Diet comparison among demersal marine fish from the Canadian Arctic. Polar Biol. 11:567-573.	Froese, R. and D. Pauly. Editors. 2016. FishBase. World Wide Web electronic publication. www.fishbase.org, version (10/2016). Accessed at <https://github.com/globalbioticinteractions/fishbase/archive/7e67537c10ab6def64e0e7aa7953af28f6198d2a.zip> on 24 Apr 2017.
Ischyrocerus megachier			Ischyrocerus megacheir	Animalia | Bilateria | Protostomia | Ecdysozoa | Arthropoda | Crustacea | Malacostraca | Eumalacostraca | Peracarida | Amphipoda | Gammaridea | Ischyroceridae | Ischyrocerus | Ischyrocerus megacheir	ITIS:94166	Atkinson, E.G. and J.A. Percy. 1992. Diet comparison among demersal marine fish from the Canadian Arctic. Polar Biol. 11:567-573.	Froese, R. and D. Pauly. Editors. 2016. FishBase. World Wide Web electronic publication. www.fishbase.org, version (10/2016). Accessed at <https://github.com/globalbioticinteractions/fishbase/archive/7e67537c10ab6def64e0e7aa7953af28f6198d2a.zip> on 24 Apr 2017.
Ischyrocerus megachier			Ischyrocerus megacheir	Biota | Animalia | Arthropoda | Crustacea | Multicrustacea | Malacostraca | Eumalacostraca | Peracarida | Amphipoda | Senticaudata | Corophiida | Caprellidira | Photoidea | Ischyroceridae | Ischyrocerinae | Ischyrocerini | Ischyrocerus | Ischyrocerus megacheir	WORMS:102420	Atkinson, E.G. and J.A. Percy. 1992. Diet comparison among demersal marine fish from the Canadian Arctic. Polar Biol. 11:567-573.	Froese, R. and D. Pauly. Editors. 2016. FishBase. World Wide Web electronic publication. www.fishbase.org, version (10/2016). Accessed at <https://github.com/globalbioticinteractions/fishbase/archive/7e67537c10ab6def64e0e7aa7953af28f6198d2a.zip> on 24 Apr 2017.
Ischyrocerus megachier			Ischyrocerus megacheir	Malacostraca | Amphipoda | Ischyroceridae | Ischyrocerus | Ischyrocerus megacheir	FBC:SLB:SpecCode:24386	Atkinson, E.G. and J.A. Percy. 1992. Diet comparison among demersal marine fish from the Canadian Arctic. Polar Biol. 11:567-573.	Froese, R. and D. Pauly. Editors. 2016. FishBase. World Wide Web electronic publication. www.fishbase.org, version (10/2016). Accessed at <https://github.com/globalbioticinteractions/fishbase/archive/7e67537c10ab6def64e0e7aa7953af28f6198d2a.zip> on 24 Apr 2017.
isopod larvae						Randall, J.E. 1967. Food habits of reef fishes of the West Indies. Stud. Trop. Oceanogr. Miami 5:665-847.	Froese, R. and D. Pauly. Editors. 2016. FishBase. World Wide Web electronic publication. www.fishbase.org, version (10/2016). Accessed at <https://github.com/globalbioticinteractions/fishbase/archive/7e67537c10ab6def64e0e7aa7953af28f6198d2a.zip> on 24 Apr 2017.
isopods idoteids						Sano, M. and J.T. Moyer. 1985. Bathymetric distribution and feeding habits of two sympatric cheilodactylid fishes at Miyake-jima, Japan. Jap. J. Ichthyol. 32(2):239-247.	Froese, R. and D. Pauly. Editors. 2016. FishBase. World Wide Web electronic publication. www.fishbase.org, version (10/2016). Accessed at <https://github.com/globalbioticinteractions/fishbase/archive/7e67537c10ab6def64e0e7aa7953af28f6198d2a.zip> on 24 Apr 2017.
Isoteidae			Idoteidae	Animalia | Arthropoda | Malacostraca | Isopoda | Idoteidae	GBIF:8888	Boraey, F.A. and F.M. Soliman. 1987. Length-weight relationship, relative condition, and food and feeding habits of the goatfish <i>Upeneus sulphureus</i> Cuv. & Val. in Safaga Bay of the Red Sea. J. Inland Fish. Soc. India 19(2):47-52.	Froese, R. and D. Pauly. Editors. 2016. FishBase. World Wide Web electronic publication. www.fishbase.org, version (10/2016). Accessed at <https://github.com/globalbioticinteractions/fishbase/archive/7e67537c10ab6def64e0e7aa7953af28f6198d2a.zip> on 24 Apr 2017.
Isoteidae			Idoteidae	Animalia | Arthropoda | Malacostraca | Isopoda | Idoteidae	IRMNG:111060	Boraey, F.A. and F.M. Soliman. 1987. Length-weight relationship, relative condition, and food and feeding habits of the goatfish <i>Upeneus sulphureus</i> Cuv. & Val. in Safaga Bay of the Red Sea. J. Inland Fish. Soc. India 19(2):47-52.	Froese, R. and D. Pauly. Editors. 2016. FishBase. World Wide Web electronic publication. www.fishbase.org, version (10/2016). Accessed at <https://github.com/globalbioticinteractions/fishbase/archive/7e67537c10ab6def64e0e7aa7953af28f6198d2a.zip> on 24 Apr 2017.
Isoteidae			Idoteidae	Animalia | Bilateria | Protostomia | Ecdysozoa | Arthropoda | Crustacea | Malacostraca | Eumalacostraca | Peracarida | Isopoda | Valvifera | Idoteidae	ITIS:92564	Boraey, F.A. and F.M. Soliman. 1987. Length-weight relationship, relative condition, and food and feeding habits of the goatfish <i>Upeneus sulphureus</i> Cuv. & Val. in Safaga Bay of the Red Sea. J. Inland Fish. Soc. India 19(2):47-52.	Froese, R. and D. Pauly. Editors. 2016. FishBase. World Wide Web electronic publication. www.fishbase.org, version (10/2016). Accessed at <https://github.com/globalbioticinteractions/fishbase/archive/7e67537c10ab6def64e0e7aa7953af28f6198d2a.zip> on 24 Apr 2017.
Isoteidae			Idoteidae	Biota | Animalia | Arthropoda | Crustacea | Multicrustacea | Malacostraca | Eumalacostraca | Peracarida | Isopoda | Valvifera | Idoteidae	WORMS:118283	Boraey, F.A. and F.M. Soliman. 1987. Length-weight relationship, relative condition, and food and feeding habits of the goatfish <i>Upeneus sulphureus</i> Cuv. & Val. in Safaga Bay of the Red Sea. J. Inland Fish. Soc. India 19(2):47-52.	Froese, R. and D. Pauly. Editors. 2016. FishBase. World Wide Web electronic publication. www.fishbase.org, version (10/2016). Accessed at <https://github.com/globalbioticinteractions/fishbase/archive/7e67537c10ab6def64e0e7aa7953af28f6198d2a.zip> on 24 Apr 2017.
Isoteidae			Idoteidae	 | Eukaryota | Opisthokonta | Metazoa | Eumetazoa | Bilateria | Protostomia | Ecdysozoa | Panarthropoda | Arthropoda | Mandibulata | Pancrustacea | Crustacea | Malacostraca | Eumalacostraca | Peracarida | Isopoda | Valvifera | Idoteidae	NCBI:82764	Boraey, F.A. and F.M. Soliman. 1987. Length-weight relationship, relative condition, and food and feeding habits of the goatfish <i>Upeneus sulphureus</i> Cuv. & Val. in Safaga Bay of the Red Sea. J. Inland Fish. Soc. India 19(2):47-52.	Froese, R. and D. Pauly. Editors. 2016. FishBase. World Wide Web electronic publication. www.fishbase.org, version (10/2016). Accessed at <https://github.com/globalbioticinteractions/fishbase/archive/7e67537c10ab6def64e0e7aa7953af28f6198d2a.zip> on 24 Apr 2017.
