Radema stigmatella			Radema	Animalia | Arthropoda | Insecta | Trichoptera | Apataniidae | Radema	GBIF:1441309	Morton, W.M. 1982. Comparative catches and food habits of dolly varden and arctic chars, <i>Salvelinus malma</i> and <i>S. alpinus</i>, at Karluk, Alaska, in 1939-1941. Environ. Biol. Fish. 7(1):7-28.	Froese, R. and D. Pauly. Editors. 2016. FishBase. World Wide Web electronic publication. www.fishbase.org, version (10/2016). Accessed at <https://github.com/globalbioticinteractions/fishbase/archive/7e67537c10ab6def64e0e7aa7953af28f6198d2a.zip> on 24 Apr 2017.
Radema stigmatella			Radema	Animalia | Arthropoda | Insecta | Trichoptera | Apataniidae | Radema	GBIF:7754825	Morton, W.M. 1982. Comparative catches and food habits of dolly varden and arctic chars, <i>Salvelinus malma</i> and <i>S. alpinus</i>, at Karluk, Alaska, in 1939-1941. Environ. Biol. Fish. 7(1):7-28.	Froese, R. and D. Pauly. Editors. 2016. FishBase. World Wide Web electronic publication. www.fishbase.org, version (10/2016). Accessed at <https://github.com/globalbioticinteractions/fishbase/archive/7e67537c10ab6def64e0e7aa7953af28f6198d2a.zip> on 24 Apr 2017.
Radema stigmatella			Radema	Animalia | Arthropoda | Insecta | Trichoptera | Apataniidae | Radema	IRMNG:1295993	Morton, W.M. 1982. Comparative catches and food habits of dolly varden and arctic chars, <i>Salvelinus malma</i> and <i>S. alpinus</i>, at Karluk, Alaska, in 1939-1941. Environ. Biol. Fish. 7(1):7-28.	Froese, R. and D. Pauly. Editors. 2016. FishBase. World Wide Web electronic publication. www.fishbase.org, version (10/2016). Accessed at <https://github.com/globalbioticinteractions/fishbase/archive/7e67537c10ab6def64e0e7aa7953af28f6198d2a.zip> on 24 Apr 2017.
Radema stigmatella			Radema	Animalia | Bilateria | Protostomia | Ecdysozoa | Arthropoda | Hexapoda | Insecta | Pterygota | Neoptera | Holometabola | Trichoptera | Limnephiloidea | Apataniidae | Apataniinae | Thamastini | Radema	ITIS:598478	Morton, W.M. 1982. Comparative catches and food habits of dolly varden and arctic chars, <i>Salvelinus malma</i> and <i>S. alpinus</i>, at Karluk, Alaska, in 1939-1941. Environ. Biol. Fish. 7(1):7-28.	Froese, R. and D. Pauly. Editors. 2016. FishBase. World Wide Web electronic publication. www.fishbase.org, version (10/2016). Accessed at <https://github.com/globalbioticinteractions/fishbase/archive/7e67537c10ab6def64e0e7aa7953af28f6198d2a.zip> on 24 Apr 2017.
raninid crabs						Randall, J.E. 1985. Guide to Hawaiian reef fishes. Harrowood Books, Newtown Square, PA 19073, USA. 74 p.	Froese, R. and D. Pauly. Editors. 2016. FishBase. World Wide Web electronic publication. www.fishbase.org, version (10/2016). Accessed at <https://github.com/globalbioticinteractions/fishbase/archive/7e67537c10ab6def64e0e7aa7953af28f6198d2a.zip> on 24 Apr 2017.
Raphiodon						Lopez, H.L., R.C. Menni and A.M. Miguelarena. 1987. Lista de los peces de agua dulce de la Argentina. Biologia Acuatica No. 12, 50 p. (Instituto de Limnologia "Dr. Raul A. Ringuelet").	Froese, R. and D. Pauly. Editors. 2016. FishBase. World Wide Web electronic publication. www.fishbase.org, version (10/2016). Accessed at <https://github.com/globalbioticinteractions/fishbase/archive/7e67537c10ab6def64e0e7aa7953af28f6198d2a.zip> on 24 Apr 2017.
red algal fronds						Nakamura, Y., M. Horinouchi, T. Nakai and M. Sano. 2003. Food habits of fishes in a seagrass bed on a fringing coral reef at Iriomote Island, southern Japan. Ichthyol. Res. 50:15-22.	Froese, R. and D. Pauly. Editors. 2016. FishBase. World Wide Web electronic publication. www.fishbase.org, version (10/2016). Accessed at <https://github.com/globalbioticinteractions/fishbase/archive/7e67537c10ab6def64e0e7aa7953af28f6198d2a.zip> on 24 Apr 2017.
red bait						Smith, J.L.B. and M.M. Smith. 1986. Sparidae. p. 580-594. In M.M. Smith and P.C. Heemstra (eds.) Smiths' sea fishes. Springer-Verlag, Berlin.	Froese, R. and D. Pauly. Editors. 2016. FishBase. World Wide Web electronic publication. www.fishbase.org, version (10/2016). Accessed at <https://github.com/globalbioticinteractions/fishbase/archive/7e67537c10ab6def64e0e7aa7953af28f6198d2a.zip> on 24 Apr 2017.
red crabs						Collette, B.B. and C.E. Nauen. 1983. FAO Species Catalogue. Vol. 2. Scombrids of the world. An annotated and illustrated catalogue of tunas, mackerels, bonitos and related species known to date. Rome: FAO. FAO Fish. Synop. 125(2):137 p.	Froese, R. and D. Pauly. Editors. 2016. FishBase. World Wide Web electronic publication. www.fishbase.org, version (10/2016). Accessed at <https://github.com/globalbioticinteractions/fishbase/archive/7e67537c10ab6def64e0e7aa7953af28f6198d2a.zip> on 24 Apr 2017.
redeye herring						Compagno, L.J.V., D.A. Ebert and M.J. Smale. 1989. Guide to the sharks and rays of southern Africa. New Holland (Publ.) Ltd., London. 158 p.	Froese, R. and D. Pauly. Editors. 2016. FishBase. World Wide Web electronic publication. www.fishbase.org, version (10/2016). Accessed at <https://github.com/globalbioticinteractions/fishbase/archive/7e67537c10ab6def64e0e7aa7953af28f6198d2a.zip> on 24 Apr 2017.
redeye mysid						Meyer, M. and M.J. Smale. 1991. Predation patterns of demersal teleosts from the Cape south and west coasts of South Africa. 2. Benthic and epibenthic predators. S. Afr. J. mar. Sci. 11:409-442.	Froese, R. and D. Pauly. Editors. 2016. FishBase. World Wide Web electronic publication. www.fishbase.org, version (10/2016). Accessed at <https://github.com/globalbioticinteractions/fishbase/archive/7e67537c10ab6def64e0e7aa7953af28f6198d2a.zip> on 24 Apr 2017.
reef eels						McKay, R.J. 1997. FAO Species Catalogue. Vol. 17. Pearl perches of the world (family Glaucosomatidae). An annotated and illustrated catalogue of the pearl peches known to date. FAO Fish. Synop. 125(17):26p. Rome: FAO.	Froese, R. and D. Pauly. Editors. 2016. FishBase. World Wide Web electronic publication. www.fishbase.org, version (10/2016). Accessed at <https://github.com/globalbioticinteractions/fishbase/archive/7e67537c10ab6def64e0e7aa7953af28f6198d2a.zip> on 24 Apr 2017.
remains of arhtropods						Vitule, J.R.S. and J.M.R. Aranha. 2002. Feeding ecology of the "lambari". <i>Deuterodon langei</i> Travassos, 1957 (Characidae, Tetragonopterinae), of different sizes on Atlantic forest stream, Paraná (Brazil). Acta Biol. Par., Curitiba 31(1-4):137-150.	Froese, R. and D. Pauly. Editors. 2016. FishBase. World Wide Web electronic publication. www.fishbase.org, version (10/2016). Accessed at <https://github.com/globalbioticinteractions/fishbase/archive/7e67537c10ab6def64e0e7aa7953af28f6198d2a.zip> on 24 Apr 2017.
Remains of carton						Carrassón, M., C. Stefanescu and J.E. Cartes. 1992. Diets and bathymetric distributions of two bathyal sharks of the Catalan deep sea (western Mediterranean). Mar. Ecol. Prog. Ser. 82:21-30.	Froese, R. and D. Pauly. Editors. 2016. FishBase. World Wide Web electronic publication. www.fishbase.org, version (10/2016). Accessed at <https://github.com/globalbioticinteractions/fishbase/archive/7e67537c10ab6def64e0e7aa7953af28f6198d2a.zip> on 24 Apr 2017.
reptant crustaceans						Brulé, T., D.O. Avila, M.S. Crespo and C. Déniel. 1994. Seasonal and diel changes in diet composition of juvenile red grouper (<i>Epinephelus morio</i>) from Campeche Bank. Bull. Mar. Sci. 55(1):255-262.	Froese, R. and D. Pauly. Editors. 2016. FishBase. World Wide Web electronic publication. www.fishbase.org, version (10/2016). Accessed at <https://github.com/globalbioticinteractions/fishbase/archive/7e67537c10ab6def64e0e7aa7953af28f6198d2a.zip> on 24 Apr 2017.
Retusa trucatella			Retusa truncatula	Animalia | Bilateria | Protostomia | Lophozoa | Mollusca | Gastropoda | Opisthobranchia | Cephalaspidea | Retusidae | Retusa | Retusa truncatula	ITIS:76289	Chechun, T.-Y. 1998. Nutrition of the Acipenseridal of the Sea of Azov under present conditions. J. Ichthyol. 38(1):147-150.	Froese, R. and D. Pauly. Editors. 2016. FishBase. World Wide Web electronic publication. www.fishbase.org, version (10/2016). Accessed at <https://github.com/globalbioticinteractions/fishbase/archive/7e67537c10ab6def64e0e7aa7953af28f6198d2a.zip> on 24 Apr 2017.
Retusa trucatella			Retusa truncatula	Animalia | Mollusca | Gastropoda | Cephalaspidea | Retusidae | Retusa | Retusa truncatula	GBIF:2291707	Chechun, T.-Y. 1998. Nutrition of the Acipenseridal of the Sea of Azov under present conditions. J. Ichthyol. 38(1):147-150.	Froese, R. and D. Pauly. Editors. 2016. FishBase. World Wide Web electronic publication. www.fishbase.org, version (10/2016). Accessed at <https://github.com/globalbioticinteractions/fishbase/archive/7e67537c10ab6def64e0e7aa7953af28f6198d2a.zip> on 24 Apr 2017.
Retusa trucatella			Retusa truncatula	Animalia | Mollusca | Gastropoda | Cephalaspidea | Retusidae | Retusa | Retusa truncatula	IRMNG:11188593	Chechun, T.-Y. 1998. Nutrition of the Acipenseridal of the Sea of Azov under present conditions. J. Ichthyol. 38(1):147-150.	Froese, R. and D. Pauly. Editors. 2016. FishBase. World Wide Web electronic publication. www.fishbase.org, version (10/2016). Accessed at <https://github.com/globalbioticinteractions/fishbase/archive/7e67537c10ab6def64e0e7aa7953af28f6198d2a.zip> on 24 Apr 2017.
Retusa trucatella			Retusa truncatula	Biota | Animalia | Mollusca | Gastropoda | Heterobranchia | Opisthobranchia | Cephalaspidea | Bulloidea | Retusidae | Retusa | Retusa truncatula	WORMS:141138	Chechun, T.-Y. 1998. Nutrition of the Acipenseridal of the Sea of Azov under present conditions. J. Ichthyol. 38(1):147-150.	Froese, R. and D. Pauly. Editors. 2016. FishBase. World Wide Web electronic publication. www.fishbase.org, version (10/2016). Accessed at <https://github.com/globalbioticinteractions/fishbase/archive/7e67537c10ab6def64e0e7aa7953af28f6198d2a.zip> on 24 Apr 2017.
Retusa trucatella			Retusa truncatula	Gastropoda | Cephalaspidea | Retusidae | Retusa | Retusa truncatula	FBC:SLB:SpecCode:7191	Chechun, T.-Y. 1998. Nutrition of the Acipenseridal of the Sea of Azov under present conditions. J. Ichthyol. 38(1):147-150.	Froese, R. and D. Pauly. Editors. 2016. FishBase. World Wide Web electronic publication. www.fishbase.org, version (10/2016). Accessed at <https://github.com/globalbioticinteractions/fishbase/archive/7e67537c10ab6def64e0e7aa7953af28f6198d2a.zip> on 24 Apr 2017.
Retusa trucatell			Retusa truncatula	Animalia | Bilateria | Protostomia | Lophozoa | Mollusca | Gastropoda | Opisthobranchia | Cephalaspidea | Retusidae | Retusa | Retusa truncatula	ITIS:76289	Chechun, T.-Y. 1998. Nutrition of the Acipenseridal of the Sea of Azov under present conditions. J. Ichthyol. 38(1):147-150.	Froese, R. and D. Pauly. Editors. 2016. FishBase. World Wide Web electronic publication. www.fishbase.org, version (10/2016). Accessed at <https://github.com/globalbioticinteractions/fishbase/archive/7e67537c10ab6def64e0e7aa7953af28f6198d2a.zip> on 24 Apr 2017.
Retusa trucatell			Retusa truncatula	Animalia | Mollusca | Gastropoda | Cephalaspidea | Retusidae | Retusa | Retusa truncatula	GBIF:2291707	Chechun, T.-Y. 1998. Nutrition of the Acipenseridal of the Sea of Azov under present conditions. J. Ichthyol. 38(1):147-150.	Froese, R. and D. Pauly. Editors. 2016. FishBase. World Wide Web electronic publication. www.fishbase.org, version (10/2016). Accessed at <https://github.com/globalbioticinteractions/fishbase/archive/7e67537c10ab6def64e0e7aa7953af28f6198d2a.zip> on 24 Apr 2017.
Retusa trucatell			Retusa truncatula	Animalia | Mollusca | Gastropoda | Cephalaspidea | Retusidae | Retusa | Retusa truncatula	IRMNG:11188593	Chechun, T.-Y. 1998. Nutrition of the Acipenseridal of the Sea of Azov under present conditions. J. Ichthyol. 38(1):147-150.	Froese, R. and D. Pauly. Editors. 2016. FishBase. World Wide Web electronic publication. www.fishbase.org, version (10/2016). Accessed at <https://github.com/globalbioticinteractions/fishbase/archive/7e67537c10ab6def64e0e7aa7953af28f6198d2a.zip> on 24 Apr 2017.
Retusa trucatell			Retusa truncatula	Biota | Animalia | Mollusca | Gastropoda | Heterobranchia | Opisthobranchia | Cephalaspidea | Bulloidea | Retusidae | Retusa | Retusa truncatula	WORMS:141138	Chechun, T.-Y. 1998. Nutrition of the Acipenseridal of the Sea of Azov under present conditions. J. Ichthyol. 38(1):147-150.	Froese, R. and D. Pauly. Editors. 2016. FishBase. World Wide Web electronic publication. www.fishbase.org, version (10/2016). Accessed at <https://github.com/globalbioticinteractions/fishbase/archive/7e67537c10ab6def64e0e7aa7953af28f6198d2a.zip> on 24 Apr 2017.
Retusa trucatell			Retusa truncatula	Gastropoda | Cephalaspidea | Retusidae | Retusa | Retusa truncatula	FBC:SLB:SpecCode:7191	Chechun, T.-Y. 1998. Nutrition of the Acipenseridal of the Sea of Azov under present conditions. J. Ichthyol. 38(1):147-150.	Froese, R. and D. Pauly. Editors. 2016. FishBase. World Wide Web electronic publication. www.fishbase.org, version (10/2016). Accessed at <https://github.com/globalbioticinteractions/fishbase/archive/7e67537c10ab6def64e0e7aa7953af28f6198d2a.zip> on 24 Apr 2017.
Rhabdocoels			Leptocorisa	Animalia | Arthropoda | Insecta | Hemiptera | Alydidae | Leptocorisa	GBIF:4391705	Russell, B.C. 1983. The food and feeding habits of rocky reef fish of north-eastern New Zealand. N.Z. J. Mar. Freshwat. Res. 17(2):121-145.	Froese, R. and D. Pauly. Editors. 2016. FishBase. World Wide Web electronic publication. www.fishbase.org, version (10/2016). Accessed at <https://github.com/globalbioticinteractions/fishbase/archive/7e67537c10ab6def64e0e7aa7953af28f6198d2a.zip> on 24 Apr 2017.
Rhabdocoels			Leptocorisa	Animalia | Arthropoda | Insecta | Hemiptera | Alydidae | Leptocorisa	IRMNG:1336449	Russell, B.C. 1983. The food and feeding habits of rocky reef fish of north-eastern New Zealand. N.Z. J. Mar. Freshwat. Res. 17(2):121-145.	Froese, R. and D. Pauly. Editors. 2016. FishBase. World Wide Web electronic publication. www.fishbase.org, version (10/2016). Accessed at <https://github.com/globalbioticinteractions/fishbase/archive/7e67537c10ab6def64e0e7aa7953af28f6198d2a.zip> on 24 Apr 2017.
Rhabdocoels			Rhabdocoela	Animalia | Platyhelminthes | Rhabditophora | Rhabdocoela	GBIF:5967598	Russell, B.C. 1983. The food and feeding habits of rocky reef fish of north-eastern New Zealand. N.Z. J. Mar. Freshwat. Res. 17(2):121-145.	Froese, R. and D. Pauly. Editors. 2016. FishBase. World Wide Web electronic publication. www.fishbase.org, version (10/2016). Accessed at <https://github.com/globalbioticinteractions/fishbase/archive/7e67537c10ab6def64e0e7aa7953af28f6198d2a.zip> on 24 Apr 2017.
Rhabdocoels			Rhabdocoela	Animalia | Platyhelminthes | Turbellaria | Rhabdocoela	IRMNG:11799	Russell, B.C. 1983. The food and feeding habits of rocky reef fish of north-eastern New Zealand. N.Z. J. Mar. Freshwat. Res. 17(2):121-145.	Froese, R. and D. Pauly. Editors. 2016. FishBase. World Wide Web electronic publication. www.fishbase.org, version (10/2016). Accessed at <https://github.com/globalbioticinteractions/fishbase/archive/7e67537c10ab6def64e0e7aa7953af28f6198d2a.zip> on 24 Apr 2017.
Rhabdocoels			Rhabdocoela	Biota | Animalia | Platyhelminthes | Rhabditophora | Trepaxonemata | Neoophora | Eulecithophora | Rhabdocoela	WORMS:16236	Russell, B.C. 1983. The food and feeding habits of rocky reef fish of north-eastern New Zealand. N.Z. J. Mar. Freshwat. Res. 17(2):121-145.	Froese, R. and D. Pauly. Editors. 2016. FishBase. World Wide Web electronic publication. www.fishbase.org, version (10/2016). Accessed at <https://github.com/globalbioticinteractions/fishbase/archive/7e67537c10ab6def64e0e7aa7953af28f6198d2a.zip> on 24 Apr 2017.
Rhabdocoels			Rhabdocoela	 | Eukaryota | Opisthokonta | Metazoa | Eumetazoa | Bilateria | Platyhelminthes | Rhabditophora | Rhabdocoela	NCBI:27901	Russell, B.C. 1983. The food and feeding habits of rocky reef fish of north-eastern New Zealand. N.Z. J. Mar. Freshwat. Res. 17(2):121-145.	Froese, R. and D. Pauly. Editors. 2016. FishBase. World Wide Web electronic publication. www.fishbase.org, version (10/2016). Accessed at <https://github.com/globalbioticinteractions/fishbase/archive/7e67537c10ab6def64e0e7aa7953af28f6198d2a.zip> on 24 Apr 2017.
Rhabdocoels			Rhabdocoetis	Animalia | Porifera | Rhabdocoetis	GBIF:4579995	Russell, B.C. 1983. The food and feeding habits of rocky reef fish of north-eastern New Zealand. N.Z. J. Mar. Freshwat. Res. 17(2):121-145.	Froese, R. and D. Pauly. Editors. 2016. FishBase. World Wide Web electronic publication. www.fishbase.org, version (10/2016). Accessed at <https://github.com/globalbioticinteractions/fishbase/archive/7e67537c10ab6def64e0e7aa7953af28f6198d2a.zip> on 24 Apr 2017.
Rhabdocoels			Rhabdocoetis	Animalia | Porifera | Rhabdocoetis	IRMNG:1367705	Russell, B.C. 1983. The food and feeding habits of rocky reef fish of north-eastern New Zealand. N.Z. J. Mar. Freshwat. Res. 17(2):121-145.	Froese, R. and D. Pauly. Editors. 2016. FishBase. World Wide Web electronic publication. www.fishbase.org, version (10/2016). Accessed at <https://github.com/globalbioticinteractions/fishbase/archive/7e67537c10ab6def64e0e7aa7953af28f6198d2a.zip> on 24 Apr 2017.
Rhinacalanus nasutus						Dudochkin, A.S. 1988. The food of the grenadier, <i>Macrourus holotrachys</i>, in the Southwestern Atlantic. J. Ichthyol. 28(2):72-76.	Froese, R. and D. Pauly. Editors. 2016. FishBase. World Wide Web electronic publication. www.fishbase.org, version (10/2016). Accessed at <https://github.com/globalbioticinteractions/fishbase/archive/7e67537c10ab6def64e0e7aa7953af28f6198d2a.zip> on 24 Apr 2017.
Rhinacalanus			Rhincalanus	Animalia | Arthropoda | Maxillopoda | Calanoida | Rhincalanidae | Rhincalanus	GBIF:2114449	Tribble, G.W. and H. Nishikawa. 1982. An analysis of the diets of four spatially overlapping damselfishes of the genus <i>Chromis</i>. Jap. J. Ichthyol. 29(3):267-271.	Froese, R. and D. Pauly. Editors. 2016. FishBase. World Wide Web electronic publication. www.fishbase.org, version (10/2016). Accessed at <https://github.com/globalbioticinteractions/fishbase/archive/7e67537c10ab6def64e0e7aa7953af28f6198d2a.zip> on 24 Apr 2017.
Rhinacalanus			Rhincalanus	Animalia | Arthropoda | Maxillopoda | Calanoida | Rhincalanidae | Rhincalanus	IRMNG:1107225	Tribble, G.W. and H. Nishikawa. 1982. An analysis of the diets of four spatially overlapping damselfishes of the genus <i>Chromis</i>. Jap. J. Ichthyol. 29(3):267-271.	Froese, R. and D. Pauly. Editors. 2016. FishBase. World Wide Web electronic publication. www.fishbase.org, version (10/2016). Accessed at <https://github.com/globalbioticinteractions/fishbase/archive/7e67537c10ab6def64e0e7aa7953af28f6198d2a.zip> on 24 Apr 2017.
Rhinacalanus			Rhincalanus	Animalia | Bilateria | Protostomia | Ecdysozoa | Arthropoda | Crustacea | Maxillopoda | Copepoda | Neocopepoda | Gymnoplea | Calanoida | Rhincalanidae | Rhincalanus	ITIS:85316	Tribble, G.W. and H. Nishikawa. 1982. An analysis of the diets of four spatially overlapping damselfishes of the genus <i>Chromis</i>. Jap. J. Ichthyol. 29(3):267-271.	Froese, R. and D. Pauly. Editors. 2016. FishBase. World Wide Web electronic publication. www.fishbase.org, version (10/2016). Accessed at <https://github.com/globalbioticinteractions/fishbase/archive/7e67537c10ab6def64e0e7aa7953af28f6198d2a.zip> on 24 Apr 2017.
Rhinacalanus			Rhincalanus	Biota | Animalia | Arthropoda | Crustacea | Multicrustacea | Copepoda | Neocopepoda | Gymnoplea | Calanoida | Rhincalanidae | Rhincalanus	WORMS:104172	Tribble, G.W. and H. Nishikawa. 1982. An analysis of the diets of four spatially overlapping damselfishes of the genus <i>Chromis</i>. Jap. J. Ichthyol. 29(3):267-271.	Froese, R. and D. Pauly. Editors. 2016. FishBase. World Wide Web electronic publication. www.fishbase.org, version (10/2016). Accessed at <https://github.com/globalbioticinteractions/fishbase/archive/7e67537c10ab6def64e0e7aa7953af28f6198d2a.zip> on 24 Apr 2017.
Rhinacalanus			Rhincalanus	 | Eukaryota | Opisthokonta | Metazoa | Eumetazoa | Bilateria | Protostomia | Ecdysozoa | Panarthropoda | Arthropoda | Mandibulata | Pancrustacea | Crustacea | Maxillopoda | Copepoda | Neocopepoda | Gymnoplea | Calanoida | Eucalanidae | Rhincalanus	NCBI:201686	Tribble, G.W. and H. Nishikawa. 1982. An analysis of the diets of four spatially overlapping damselfishes of the genus <i>Chromis</i>. Jap. J. Ichthyol. 29(3):267-271.	Froese, R. and D. Pauly. Editors. 2016. FishBase. World Wide Web electronic publication. www.fishbase.org, version (10/2016). Accessed at <https://github.com/globalbioticinteractions/fishbase/archive/7e67537c10ab6def64e0e7aa7953af28f6198d2a.zip> on 24 Apr 2017.
Rhinacalanus			Rhinocalamus	Animalia | Chordata | Reptilia | Squamata | Atractaspididae | Rhinocalamus	GBIF:2472746	Tribble, G.W. and H. Nishikawa. 1982. An analysis of the diets of four spatially overlapping damselfishes of the genus <i>Chromis</i>. Jap. J. Ichthyol. 29(3):267-271.	Froese, R. and D. Pauly. Editors. 2016. FishBase. World Wide Web electronic publication. www.fishbase.org, version (10/2016). Accessed at <https://github.com/globalbioticinteractions/fishbase/archive/7e67537c10ab6def64e0e7aa7953af28f6198d2a.zip> on 24 Apr 2017.
Rhinacalanus			Rhinocalamus	Animalia | Chordata | Reptilia | Squamata | Atractaspididae | Rhinocalamus	IRMNG:1038061	Tribble, G.W. and H. Nishikawa. 1982. An analysis of the diets of four spatially overlapping damselfishes of the genus <i>Chromis</i>. Jap. J. Ichthyol. 29(3):267-271.	Froese, R. and D. Pauly. Editors. 2016. FishBase. World Wide Web electronic publication. www.fishbase.org, version (10/2016). Accessed at <https://github.com/globalbioticinteractions/fishbase/archive/7e67537c10ab6def64e0e7aa7953af28f6198d2a.zip> on 24 Apr 2017.
Rhinchocynetes typus			Rhynchocinetes typus	Animalia | Arthropoda | Malacostraca | Decapoda | Rhynchocinetidae | Rhynchocinetes | Rhynchocinetes typus	GBIF:2222521	Medina, M., M. Araya and C. Vega. 2004. Alimentación y relaciones tróficas de peces costeros de la zona norte de Chile. Invest. Mar. 32(1):33-47.	Froese, R. and D. Pauly. Editors. 2016. FishBase. World Wide Web electronic publication. www.fishbase.org, version (10/2016). Accessed at <https://github.com/globalbioticinteractions/fishbase/archive/7e67537c10ab6def64e0e7aa7953af28f6198d2a.zip> on 24 Apr 2017.
Rhinchocynetes typus			Rhynchocinetes typus	Animalia | Arthropoda | Malacostraca | Decapoda | Rhynchocinetidae | Rhynchocinetes | Rhynchocinetes typus	IRMNG:10600576	Medina, M., M. Araya and C. Vega. 2004. Alimentación y relaciones tróficas de peces costeros de la zona norte de Chile. Invest. Mar. 32(1):33-47.	Froese, R. and D. Pauly. Editors. 2016. FishBase. World Wide Web electronic publication. www.fishbase.org, version (10/2016). Accessed at <https://github.com/globalbioticinteractions/fishbase/archive/7e67537c10ab6def64e0e7aa7953af28f6198d2a.zip> on 24 Apr 2017.
Rhinchocynetes typus			Rhynchocinetes typus	Animalia | Bilateria | Protostomia | Ecdysozoa | Arthropoda | Crustacea | Malacostraca | Eumalacostraca | Eucarida | Decapoda | Pleocyemata | Caridea | Nematocarcinoidea | Rhynchocinetidae | Rhynchocinetes | Rhynchocinetes typus	ITIS:96206	Medina, M., M. Araya and C. Vega. 2004. Alimentación y relaciones tróficas de peces costeros de la zona norte de Chile. Invest. Mar. 32(1):33-47.	Froese, R. and D. Pauly. Editors. 2016. FishBase. World Wide Web electronic publication. www.fishbase.org, version (10/2016). Accessed at <https://github.com/globalbioticinteractions/fishbase/archive/7e67537c10ab6def64e0e7aa7953af28f6198d2a.zip> on 24 Apr 2017.
Rhinchocynetes typus			Rhynchocinetes typus	Biota | Animalia | Arthropoda | Crustacea | Multicrustacea | Malacostraca | Eumalacostraca | Eucarida | Decapoda | Pleocyemata | Caridea | Nematocarcinoidea | Rhynchocinetidae | Rhynchocinetes | Rhynchocinetes typus	WORMS:514385	Medina, M., M. Araya and C. Vega. 2004. Alimentación y relaciones tróficas de peces costeros de la zona norte de Chile. Invest. Mar. 32(1):33-47.	Froese, R. and D. Pauly. Editors. 2016. FishBase. World Wide Web electronic publication. www.fishbase.org, version (10/2016). Accessed at <https://github.com/globalbioticinteractions/fishbase/archive/7e67537c10ab6def64e0e7aa7953af28f6198d2a.zip> on 24 Apr 2017.
Rhinchocynetes typus			Rhynchocinetes typus	 | Eukaryota | Opisthokonta | Metazoa | Eumetazoa | Bilateria | Protostomia | Ecdysozoa | Panarthropoda | Arthropoda | Mandibulata | Pancrustacea | Crustacea | Malacostraca | Eumalacostraca | Eucarida | Decapoda | Pleocyemata | Caridea | Nematocarcinoidea | Rhynchocinetidae | Rhynchocinetes | Rhynchocinetes typus	NCBI:1437266	Medina, M., M. Araya and C. Vega. 2004. Alimentación y relaciones tróficas de peces costeros de la zona norte de Chile. Invest. Mar. 32(1):33-47.	Froese, R. and D. Pauly. Editors. 2016. FishBase. World Wide Web electronic publication. www.fishbase.org, version (10/2016). Accessed at <https://github.com/globalbioticinteractions/fishbase/archive/7e67537c10ab6def64e0e7aa7953af28f6198d2a.zip> on 24 Apr 2017.
Rhinchocynetes typus			Rhynchocinetes typus	Malacostraca | Decapoda | Rhynchocinetidae | Rhynchocinetes | Rhynchocinetes typus	FBC:SLB:SpecCode:24927	Medina, M., M. Araya and C. Vega. 2004. Alimentación y relaciones tróficas de peces costeros de la zona norte de Chile. Invest. Mar. 32(1):33-47.	Froese, R. and D. Pauly. Editors. 2016. FishBase. World Wide Web electronic publication. www.fishbase.org, version (10/2016). Accessed at <https://github.com/globalbioticinteractions/fishbase/archive/7e67537c10ab6def64e0e7aa7953af28f6198d2a.zip> on 24 Apr 2017.
Rhinecalanus gigas			Rhincalanus gigas	Animalia | Arthropoda | Maxillopoda | Calanoida | Rhincalanidae | Rhincalanus | Rhincalanus gigas	GBIF:2114452	Hulley, P.A. 1990. Myctophidae. p. 146-178. In O. Gon and P.C. Heemstra (eds.) Fishes of the Southern Ocean. J.L.B. Smith Institute of Ichthyology, Grahamstown, South Africa.	Froese, R. and D. Pauly. Editors. 2016. FishBase. World Wide Web electronic publication. www.fishbase.org, version (10/2016). Accessed at <https://github.com/globalbioticinteractions/fishbase/archive/7e67537c10ab6def64e0e7aa7953af28f6198d2a.zip> on 24 Apr 2017.
Rhinecalanus gigas			Rhincalanus gigas	Animalia | Arthropoda | Maxillopoda | Calanoida | Rhincalanidae | Rhincalanus | Rhincalanus gigas	IRMNG:10234983	Hulley, P.A. 1990. Myctophidae. p. 146-178. In O. Gon and P.C. Heemstra (eds.) Fishes of the Southern Ocean. J.L.B. Smith Institute of Ichthyology, Grahamstown, South Africa.	Froese, R. and D. Pauly. Editors. 2016. FishBase. World Wide Web electronic publication. www.fishbase.org, version (10/2016). Accessed at <https://github.com/globalbioticinteractions/fishbase/archive/7e67537c10ab6def64e0e7aa7953af28f6198d2a.zip> on 24 Apr 2017.
Rhinecalanus gigas			Rhincalanus gigas	Animalia | Bilateria | Protostomia | Ecdysozoa | Arthropoda | Crustacea | Maxillopoda | Copepoda | Neocopepoda | Gymnoplea | Calanoida | Rhincalanidae | Rhincalanus | Rhincalanus gigas	ITIS:610045	Hulley, P.A. 1990. Myctophidae. p. 146-178. In O. Gon and P.C. Heemstra (eds.) Fishes of the Southern Ocean. J.L.B. Smith Institute of Ichthyology, Grahamstown, South Africa.	Froese, R. and D. Pauly. Editors. 2016. FishBase. World Wide Web electronic publication. www.fishbase.org, version (10/2016). Accessed at <https://github.com/globalbioticinteractions/fishbase/archive/7e67537c10ab6def64e0e7aa7953af28f6198d2a.zip> on 24 Apr 2017.
Rhinecalanus gigas			Rhincalanus gigas	Biota | Animalia | Arthropoda | Crustacea | Multicrustacea | Copepoda | Neocopepoda | Gymnoplea | Calanoida | Rhincalanidae | Rhincalanus | Rhincalanus gigas	WORMS:220837	Hulley, P.A. 1990. Myctophidae. p. 146-178. In O. Gon and P.C. Heemstra (eds.) Fishes of the Southern Ocean. J.L.B. Smith Institute of Ichthyology, Grahamstown, South Africa.	Froese, R. and D. Pauly. Editors. 2016. FishBase. World Wide Web electronic publication. www.fishbase.org, version (10/2016). Accessed at <https://github.com/globalbioticinteractions/fishbase/archive/7e67537c10ab6def64e0e7aa7953af28f6198d2a.zip> on 24 Apr 2017.
Rhinecalanus gigas			Rhincalanus gigas	 | Eukaryota | Opisthokonta | Metazoa | Eumetazoa | Bilateria | Protostomia | Ecdysozoa | Panarthropoda | Arthropoda | Mandibulata | Pancrustacea | Crustacea | Maxillopoda | Copepoda | Neocopepoda | Gymnoplea | Calanoida | Eucalanidae | Rhincalanus | Rhincalanus gigas	NCBI:201687	Hulley, P.A. 1990. Myctophidae. p. 146-178. In O. Gon and P.C. Heemstra (eds.) Fishes of the Southern Ocean. J.L.B. Smith Institute of Ichthyology, Grahamstown, South Africa.	Froese, R. and D. Pauly. Editors. 2016. FishBase. World Wide Web electronic publication. www.fishbase.org, version (10/2016). Accessed at <https://github.com/globalbioticinteractions/fishbase/archive/7e67537c10ab6def64e0e7aa7953af28f6198d2a.zip> on 24 Apr 2017.
Rhinecalanus gigas			Rhincalanus gigas	Maxillopoda | Calanoida | Rhincalanidae | Rhincalanus | Rhincalanus gigas	FBC:SLB:SpecCode:27810	Hulley, P.A. 1990. Myctophidae. p. 146-178. In O. Gon and P.C. Heemstra (eds.) Fishes of the Southern Ocean. J.L.B. Smith Institute of Ichthyology, Grahamstown, South Africa.	Froese, R. and D. Pauly. Editors. 2016. FishBase. World Wide Web electronic publication. www.fishbase.org, version (10/2016). Accessed at <https://github.com/globalbioticinteractions/fishbase/archive/7e67537c10ab6def64e0e7aa7953af28f6198d2a.zip> on 24 Apr 2017.
Rhithropanopeus harrisi			Rhithropanopeus	Animalia | Arthropoda | Malacostraca | Decapoda | Panopeidae | Rhithropanopeus	GBIF:2227662	Chechun, T.-Y. 1998. Nutrition of the Acipenseridal of the Sea of Azov under present conditions. J. Ichthyol. 38(1):147-150.	Froese, R. and D. Pauly. Editors. 2016. FishBase. World Wide Web electronic publication. www.fishbase.org, version (10/2016). Accessed at <https://github.com/globalbioticinteractions/fishbase/archive/7e67537c10ab6def64e0e7aa7953af28f6198d2a.zip> on 24 Apr 2017.
Rhithropanopeus harrisi			Rhithropanopeus	Animalia | Arthropoda | Malacostraca | Decapoda | Panopeidae | Rhithropanopeus	IRMNG:1047694	Chechun, T.-Y. 1998. Nutrition of the Acipenseridal of the Sea of Azov under present conditions. J. Ichthyol. 38(1):147-150.	Froese, R. and D. Pauly. Editors. 2016. FishBase. World Wide Web electronic publication. www.fishbase.org, version (10/2016). Accessed at <https://github.com/globalbioticinteractions/fishbase/archive/7e67537c10ab6def64e0e7aa7953af28f6198d2a.zip> on 24 Apr 2017.
Rhithropanopeus harrisi			Rhithropanopeus	Animalia | Bilateria | Protostomia | Ecdysozoa | Arthropoda | Crustacea | Malacostraca | Eumalacostraca | Eucarida | Decapoda | Pleocyemata | Brachyura | Xanthoidea | Panopeidae | Rhithropanopeus	ITIS:98789	Chechun, T.-Y. 1998. Nutrition of the Acipenseridal of the Sea of Azov under present conditions. J. Ichthyol. 38(1):147-150.	Froese, R. and D. Pauly. Editors. 2016. FishBase. World Wide Web electronic publication. www.fishbase.org, version (10/2016). Accessed at <https://github.com/globalbioticinteractions/fishbase/archive/7e67537c10ab6def64e0e7aa7953af28f6198d2a.zip> on 24 Apr 2017.
Rhithropanopeus harrisi			Rhithropanopeus	Biota | Animalia | Arthropoda | Crustacea | Multicrustacea | Malacostraca | Eumalacostraca | Eucarida | Decapoda | Pleocyemata | Brachyura | Eubrachyura | Heterotremata | Xanthoidea | Panopeidae | Rhithropanopeus	WORMS:106938	Chechun, T.-Y. 1998. Nutrition of the Acipenseridal of the Sea of Azov under present conditions. J. Ichthyol. 38(1):147-150.	Froese, R. and D. Pauly. Editors. 2016. FishBase. World Wide Web electronic publication. www.fishbase.org, version (10/2016). Accessed at <https://github.com/globalbioticinteractions/fishbase/archive/7e67537c10ab6def64e0e7aa7953af28f6198d2a.zip> on 24 Apr 2017.
Rhithropanopeus harrisi			Rhithropanopeus	 | Eukaryota | Opisthokonta | Metazoa | Eumetazoa | Bilateria | Protostomia | Ecdysozoa | Panarthropoda | Arthropoda | Mandibulata | Pancrustacea | Crustacea | Malacostraca | Eumalacostraca | Eucarida | Decapoda | Pleocyemata | Brachyura | Eubrachyura | Heterotremata | Xanthoidea | Panopeidae | Rhithropanopeus	NCBI:108122	Chechun, T.-Y. 1998. Nutrition of the Acipenseridal of the Sea of Azov under present conditions. J. Ichthyol. 38(1):147-150.	Froese, R. and D. Pauly. Editors. 2016. FishBase. World Wide Web electronic publication. www.fishbase.org, version (10/2016). Accessed at <https://github.com/globalbioticinteractions/fishbase/archive/7e67537c10ab6def64e0e7aa7953af28f6198d2a.zip> on 24 Apr 2017.
Rhitropanopeus harrisii						Belova, L.N. 1986. Long-term feeding changes of vobla, <i>Rutilus rutilus caspicus</i>. J. Ichthyol. 26(3):50-56.	Froese, R. and D. Pauly. Editors. 2016. FishBase. World Wide Web electronic publication. www.fishbase.org, version (10/2016). Accessed at <https://github.com/globalbioticinteractions/fishbase/archive/7e67537c10ab6def64e0e7aa7953af28f6198d2a.zip> on 24 Apr 2017.
Rhopalophtalmus longicauda			Rhopalophthalmus longicauda	Animalia | Arthropoda | Malacostraca | Mysida | Mysidae | Rhopalophthalmus | Rhopalophthalmus longicauda	GBIF:2220241	Le Loeuff, P. and A. Intes. 1973. Note sur le regime alimentaire de quelques poissons demersaux de cote d'ivoire. Doc. Scient. Centre Rech. Océanogr. Abidjan 4(2):17-44.	Froese, R. and D. Pauly. Editors. 2016. FishBase. World Wide Web electronic publication. www.fishbase.org, version (10/2016). Accessed at <https://github.com/globalbioticinteractions/fishbase/archive/7e67537c10ab6def64e0e7aa7953af28f6198d2a.zip> on 24 Apr 2017.
Rhopalophtalmus longicauda			Rhopalophthalmus longicauda	Animalia | Arthropoda | Malacostraca | Mysida | Mysidae | Rhopalophthalmus | Rhopalophthalmus longicauda	IRMNG:10243500	Le Loeuff, P. and A. Intes. 1973. Note sur le regime alimentaire de quelques poissons demersaux de cote d'ivoire. Doc. Scient. Centre Rech. Océanogr. Abidjan 4(2):17-44.	Froese, R. and D. Pauly. Editors. 2016. FishBase. World Wide Web electronic publication. www.fishbase.org, version (10/2016). Accessed at <https://github.com/globalbioticinteractions/fishbase/archive/7e67537c10ab6def64e0e7aa7953af28f6198d2a.zip> on 24 Apr 2017.
Rhopalophtalmus longicauda			Rhopalophthalmus longicauda	Animalia | Bilateria | Protostomia | Ecdysozoa | Arthropoda | Crustacea | Malacostraca | Eumalacostraca | Peracarida | Mysida | Mysidae | Rhopalophthalmus | Rhopalophthalmus longicauda	ITIS:90355	Le Loeuff, P. and A. Intes. 1973. Note sur le regime alimentaire de quelques poissons demersaux de cote d'ivoire. Doc. Scient. Centre Rech. Océanogr. Abidjan 4(2):17-44.	Froese, R. and D. Pauly. Editors. 2016. FishBase. World Wide Web electronic publication. www.fishbase.org, version (10/2016). Accessed at <https://github.com/globalbioticinteractions/fishbase/archive/7e67537c10ab6def64e0e7aa7953af28f6198d2a.zip> on 24 Apr 2017.
Rhopalophtalmus longicauda			Rhopalophthalmus longicauda	Biota | Animalia | Arthropoda | Crustacea | Multicrustacea | Malacostraca | Eumalacostraca | Peracarida | Mysida | Mysidae | Rhopalophthalminae | Rhopalophthalmus | Rhopalophthalmus longicauda	WORMS:226626	Le Loeuff, P. and A. Intes. 1973. Note sur le regime alimentaire de quelques poissons demersaux de cote d'ivoire. Doc. Scient. Centre Rech. Océanogr. Abidjan 4(2):17-44.	Froese, R. and D. Pauly. Editors. 2016. FishBase. World Wide Web electronic publication. www.fishbase.org, version (10/2016). Accessed at <https://github.com/globalbioticinteractions/fishbase/archive/7e67537c10ab6def64e0e7aa7953af28f6198d2a.zip> on 24 Apr 2017.
Rhopalophtalmus terranatalis			Rhopalophthalmus terranatalis	Animalia | Arthropoda | Malacostraca | Mysida | Mysidae | Rhopalophthalmus | Rhopalophthalmus terranatalis	GBIF:2220250	Marais, J.F.K. 1984. Feeding ecology of major carnivorous fish from four eastern Cape estuaries. S. Afr. J. Zool. 19(3):210-223.	Froese, R. and D. Pauly. Editors. 2016. FishBase. World Wide Web electronic publication. www.fishbase.org, version (10/2016). Accessed at <https://github.com/globalbioticinteractions/fishbase/archive/7e67537c10ab6def64e0e7aa7953af28f6198d2a.zip> on 24 Apr 2017.
Rhopalophtalmus terranatalis			Rhopalophthalmus terranatalis	Animalia | Arthropoda | Malacostraca | Mysida | Mysidae | Rhopalophthalmus | Rhopalophthalmus terranatalis	IRMNG:10243501	Marais, J.F.K. 1984. Feeding ecology of major carnivorous fish from four eastern Cape estuaries. S. Afr. J. Zool. 19(3):210-223.	Froese, R. and D. Pauly. Editors. 2016. FishBase. World Wide Web electronic publication. www.fishbase.org, version (10/2016). Accessed at <https://github.com/globalbioticinteractions/fishbase/archive/7e67537c10ab6def64e0e7aa7953af28f6198d2a.zip> on 24 Apr 2017.
Rhopalophtalmus terranatalis			Rhopalophthalmus terranatalis	Animalia | Bilateria | Protostomia | Ecdysozoa | Arthropoda | Crustacea | Malacostraca | Eumalacostraca | Peracarida | Mysida | Mysidae | Rhopalophthalmus | Rhopalophthalmus terranatalis	ITIS:90361	Marais, J.F.K. 1984. Feeding ecology of major carnivorous fish from four eastern Cape estuaries. S. Afr. J. Zool. 19(3):210-223.	Froese, R. and D. Pauly. Editors. 2016. FishBase. World Wide Web electronic publication. www.fishbase.org, version (10/2016). Accessed at <https://github.com/globalbioticinteractions/fishbase/archive/7e67537c10ab6def64e0e7aa7953af28f6198d2a.zip> on 24 Apr 2017.
Rhopalophtalmus terranatalis			Rhopalophthalmus terranatalis	Biota | Animalia | Arthropoda | Crustacea | Multicrustacea | Malacostraca | Eumalacostraca | Peracarida | Mysida | Mysidae | Rhopalophthalminae | Rhopalophthalmus | Rhopalophthalmus terranatalis	WORMS:161451	Marais, J.F.K. 1984. Feeding ecology of major carnivorous fish from four eastern Cape estuaries. S. Afr. J. Zool. 19(3):210-223.	Froese, R. and D. Pauly. Editors. 2016. FishBase. World Wide Web electronic publication. www.fishbase.org, version (10/2016). Accessed at <https://github.com/globalbioticinteractions/fishbase/archive/7e67537c10ab6def64e0e7aa7953af28f6198d2a.zip> on 24 Apr 2017.
Rhyacophilidae larvae			Rhyacophilidae	Animalia | Arthropoda | Insecta | Trichoptera | Rhyacophilidae	GBIF:4402	Cadwallader, P.L. 1975. Feeding relationships of galaxiids, bullies, eels and trout in a New Zealand river. Aust. J. Mar. Freshwat. Res. 26:299-316.	Froese, R. and D. Pauly. Editors. 2016. FishBase. World Wide Web electronic publication. www.fishbase.org, version (10/2016). Accessed at <https://github.com/globalbioticinteractions/fishbase/archive/7e67537c10ab6def64e0e7aa7953af28f6198d2a.zip> on 24 Apr 2017.
Rhyacophilidae larvae			Rhyacophilidae	Animalia | Arthropoda | Insecta | Trichoptera | Rhyacophilidae	GBIF:4402	Oscoz, J., P.M. Leunda, F. Campos, M.C. Escala, C. Garcia-Fresca and R. Miranda. 2005. Spring diet composition of rainbow trout, <i>Oncorhynchus mykiss</i> (Walbaum, 1792) in the Urederra River, Spain. Ann. Limnol. Int. J. Lim. 41(1) 27-34.	Froese, R. and D. Pauly. Editors. 2016. FishBase. World Wide Web electronic publication. www.fishbase.org, version (10/2016). Accessed at <https://github.com/globalbioticinteractions/fishbase/archive/7e67537c10ab6def64e0e7aa7953af28f6198d2a.zip> on 24 Apr 2017.
Rhyacophilidae larvae			Rhyacophilidae	Animalia | Arthropoda | Insecta | Trichoptera | Rhyacophilidae	IRMNG:104995	Cadwallader, P.L. 1975. Feeding relationships of galaxiids, bullies, eels and trout in a New Zealand river. Aust. J. Mar. Freshwat. Res. 26:299-316.	Froese, R. and D. Pauly. Editors. 2016. FishBase. World Wide Web electronic publication. www.fishbase.org, version (10/2016). Accessed at <https://github.com/globalbioticinteractions/fishbase/archive/7e67537c10ab6def64e0e7aa7953af28f6198d2a.zip> on 24 Apr 2017.
Rhyacophilidae larvae			Rhyacophilidae	Animalia | Arthropoda | Insecta | Trichoptera | Rhyacophilidae	IRMNG:104995	Oscoz, J., P.M. Leunda, F. Campos, M.C. Escala, C. Garcia-Fresca and R. Miranda. 2005. Spring diet composition of rainbow trout, <i>Oncorhynchus mykiss</i> (Walbaum, 1792) in the Urederra River, Spain. Ann. Limnol. Int. J. Lim. 41(1) 27-34.	Froese, R. and D. Pauly. Editors. 2016. FishBase. World Wide Web electronic publication. www.fishbase.org, version (10/2016). Accessed at <https://github.com/globalbioticinteractions/fishbase/archive/7e67537c10ab6def64e0e7aa7953af28f6198d2a.zip> on 24 Apr 2017.
Rhyacophilidae larvae			Rhyacophilidae	Animalia | Bilateria | Protostomia | Ecdysozoa | Arthropoda | Hexapoda | Insecta | Pterygota | Neoptera | Holometabola | Trichoptera | Rhyacophiloidea | Rhyacophilidae	ITIS:115096	Cadwallader, P.L. 1975. Feeding relationships of galaxiids, bullies, eels and trout in a New Zealand river. Aust. J. Mar. Freshwat. Res. 26:299-316.	Froese, R. and D. Pauly. Editors. 2016. FishBase. World Wide Web electronic publication. www.fishbase.org, version (10/2016). Accessed at <https://github.com/globalbioticinteractions/fishbase/archive/7e67537c10ab6def64e0e7aa7953af28f6198d2a.zip> on 24 Apr 2017.
Rhyacophilidae larvae			Rhyacophilidae	Animalia | Bilateria | Protostomia | Ecdysozoa | Arthropoda | Hexapoda | Insecta | Pterygota | Neoptera | Holometabola | Trichoptera | Rhyacophiloidea | Rhyacophilidae	ITIS:115096	Oscoz, J., P.M. Leunda, F. Campos, M.C. Escala, C. Garcia-Fresca and R. Miranda. 2005. Spring diet composition of rainbow trout, <i>Oncorhynchus mykiss</i> (Walbaum, 1792) in the Urederra River, Spain. Ann. Limnol. Int. J. Lim. 41(1) 27-34.	Froese, R. and D. Pauly. Editors. 2016. FishBase. World Wide Web electronic publication. www.fishbase.org, version (10/2016). Accessed at <https://github.com/globalbioticinteractions/fishbase/archive/7e67537c10ab6def64e0e7aa7953af28f6198d2a.zip> on 24 Apr 2017.
Rhyacophilidae larvae			Rhyacophilidae	 | Eukaryota | Opisthokonta | Metazoa | Eumetazoa | Bilateria | Protostomia | Ecdysozoa | Panarthropoda | Arthropoda | Mandibulata | Pancrustacea | Hexapoda | Insecta | Dicondylia | Pterygota | Neoptera | Endopterygota | Amphiesmenoptera | Trichoptera | Integripalpia | Rhyacophiloidea | Rhyacophilidae	NCBI:177631	Cadwallader, P.L. 1975. Feeding relationships of galaxiids, bullies, eels and trout in a New Zealand river. Aust. J. Mar. Freshwat. Res. 26:299-316.	Froese, R. and D. Pauly. Editors. 2016. FishBase. World Wide Web electronic publication. www.fishbase.org, version (10/2016). Accessed at <https://github.com/globalbioticinteractions/fishbase/archive/7e67537c10ab6def64e0e7aa7953af28f6198d2a.zip> on 24 Apr 2017.
Rhyacophilidae larvae			Rhyacophilidae	 | Eukaryota | Opisthokonta | Metazoa | Eumetazoa | Bilateria | Protostomia | Ecdysozoa | Panarthropoda | Arthropoda | Mandibulata | Pancrustacea | Hexapoda | Insecta | Dicondylia | Pterygota | Neoptera | Endopterygota | Amphiesmenoptera | Trichoptera | Integripalpia | Rhyacophiloidea | Rhyacophilidae	NCBI:177631	Oscoz, J., P.M. Leunda, F. Campos, M.C. Escala, C. Garcia-Fresca and R. Miranda. 2005. Spring diet composition of rainbow trout, <i>Oncorhynchus mykiss</i> (Walbaum, 1792) in the Urederra River, Spain. Ann. Limnol. Int. J. Lim. 41(1) 27-34.	Froese, R. and D. Pauly. Editors. 2016. FishBase. World Wide Web electronic publication. www.fishbase.org, version (10/2016). Accessed at <https://github.com/globalbioticinteractions/fishbase/archive/7e67537c10ab6def64e0e7aa7953af28f6198d2a.zip> on 24 Apr 2017.
Rhyacophilidae pupae			Rhyacophilidae	Animalia | Arthropoda | Insecta | Trichoptera | Rhyacophilidae	GBIF:4402	Oscoz, J., P.M. Leunda, F. Campos, M.C. Escala, C. Garcia-Fresca and R. Miranda. 2005. Spring diet composition of rainbow trout, <i>Oncorhynchus mykiss</i> (Walbaum, 1792) in the Urederra River, Spain. Ann. Limnol. Int. J. Lim. 41(1) 27-34.	Froese, R. and D. Pauly. Editors. 2016. FishBase. World Wide Web electronic publication. www.fishbase.org, version (10/2016). Accessed at <https://github.com/globalbioticinteractions/fishbase/archive/7e67537c10ab6def64e0e7aa7953af28f6198d2a.zip> on 24 Apr 2017.
Rhyacophilidae pupae			Rhyacophilidae	Animalia | Arthropoda | Insecta | Trichoptera | Rhyacophilidae	IRMNG:104995	Oscoz, J., P.M. Leunda, F. Campos, M.C. Escala, C. Garcia-Fresca and R. Miranda. 2005. Spring diet composition of rainbow trout, <i>Oncorhynchus mykiss</i> (Walbaum, 1792) in the Urederra River, Spain. Ann. Limnol. Int. J. Lim. 41(1) 27-34.	Froese, R. and D. Pauly. Editors. 2016. FishBase. World Wide Web electronic publication. www.fishbase.org, version (10/2016). Accessed at <https://github.com/globalbioticinteractions/fishbase/archive/7e67537c10ab6def64e0e7aa7953af28f6198d2a.zip> on 24 Apr 2017.
Rhyacophilidae pupae			Rhyacophilidae	Animalia | Bilateria | Protostomia | Ecdysozoa | Arthropoda | Hexapoda | Insecta | Pterygota | Neoptera | Holometabola | Trichoptera | Rhyacophiloidea | Rhyacophilidae	ITIS:115096	Oscoz, J., P.M. Leunda, F. Campos, M.C. Escala, C. Garcia-Fresca and R. Miranda. 2005. Spring diet composition of rainbow trout, <i>Oncorhynchus mykiss</i> (Walbaum, 1792) in the Urederra River, Spain. Ann. Limnol. Int. J. Lim. 41(1) 27-34.	Froese, R. and D. Pauly. Editors. 2016. FishBase. World Wide Web electronic publication. www.fishbase.org, version (10/2016). Accessed at <https://github.com/globalbioticinteractions/fishbase/archive/7e67537c10ab6def64e0e7aa7953af28f6198d2a.zip> on 24 Apr 2017.
Rhyacophilidae pupae			Rhyacophilidae	 | Eukaryota | Opisthokonta | Metazoa | Eumetazoa | Bilateria | Protostomia | Ecdysozoa | Panarthropoda | Arthropoda | Mandibulata | Pancrustacea | Hexapoda | Insecta | Dicondylia | Pterygota | Neoptera | Endopterygota | Amphiesmenoptera | Trichoptera | Integripalpia | Rhyacophiloidea | Rhyacophilidae	NCBI:177631	Oscoz, J., P.M. Leunda, F. Campos, M.C. Escala, C. Garcia-Fresca and R. Miranda. 2005. Spring diet composition of rainbow trout, <i>Oncorhynchus mykiss</i> (Walbaum, 1792) in the Urederra River, Spain. Ann. Limnol. Int. J. Lim. 41(1) 27-34.	Froese, R. and D. Pauly. Editors. 2016. FishBase. World Wide Web electronic publication. www.fishbase.org, version (10/2016). Accessed at <https://github.com/globalbioticinteractions/fishbase/archive/7e67537c10ab6def64e0e7aa7953af28f6198d2a.zip> on 24 Apr 2017.
Rhyacophilid larvae			Rhyacophila narvae	Animalia | Arthropoda | Insecta | Trichoptera | Rhyacophilidae | Rhyacophila | Rhyacophila narvae	GBIF:5052798	Cadwallader, P.L. and A.K. Eden. 1979. Observations on the food of Macquarie perch, <i>Macquaria australasica</i> (Pisces: Percichthyidae), in Victoria. Aust. J. Mar. Freshwat. Res. 30:401-409.	Froese, R. and D. Pauly. Editors. 2016. FishBase. World Wide Web electronic publication. www.fishbase.org, version (10/2016). Accessed at <https://github.com/globalbioticinteractions/fishbase/archive/7e67537c10ab6def64e0e7aa7953af28f6198d2a.zip> on 24 Apr 2017.
Rhyacophilid larvae			Rhyacophila narvae	Animalia | Arthropoda | Insecta | Trichoptera | Rhyacophilidae | Rhyacophila | Rhyacophila narvae	IRMNG:10590193	Cadwallader, P.L. and A.K. Eden. 1979. Observations on the food of Macquarie perch, <i>Macquaria australasica</i> (Pisces: Percichthyidae), in Victoria. Aust. J. Mar. Freshwat. Res. 30:401-409.	Froese, R. and D. Pauly. Editors. 2016. FishBase. World Wide Web electronic publication. www.fishbase.org, version (10/2016). Accessed at <https://github.com/globalbioticinteractions/fishbase/archive/7e67537c10ab6def64e0e7aa7953af28f6198d2a.zip> on 24 Apr 2017.
Rhyacophilid larvae			Rhyacophila narvae	Animalia | Bilateria | Protostomia | Ecdysozoa | Arthropoda | Hexapoda | Insecta | Pterygota | Neoptera | Holometabola | Trichoptera | Rhyacophiloidea | Rhyacophilidae | Rhyacophila | Rhyacophila narvae	ITIS:115155	Cadwallader, P.L. and A.K. Eden. 1979. Observations on the food of Macquarie perch, <i>Macquaria australasica</i> (Pisces: Percichthyidae), in Victoria. Aust. J. Mar. Freshwat. Res. 30:401-409.	Froese, R. and D. Pauly. Editors. 2016. FishBase. World Wide Web electronic publication. www.fishbase.org, version (10/2016). Accessed at <https://github.com/globalbioticinteractions/fishbase/archive/7e67537c10ab6def64e0e7aa7953af28f6198d2a.zip> on 24 Apr 2017.
Rhyacophilid larvae			Rhyacophila narvae	 | Eukaryota | Opisthokonta | Metazoa | Eumetazoa | Bilateria | Protostomia | Ecdysozoa | Panarthropoda | Arthropoda | Mandibulata | Pancrustacea | Hexapoda | Insecta | Dicondylia | Pterygota | Neoptera | Endopterygota | Amphiesmenoptera | Trichoptera | Integripalpia | Rhyacophiloidea | Rhyacophilidae | Rhyacophila | Rhyacophila narvae	NCBI:1192255	Cadwallader, P.L. and A.K. Eden. 1979. Observations on the food of Macquarie perch, <i>Macquaria australasica</i> (Pisces: Percichthyidae), in Victoria. Aust. J. Mar. Freshwat. Res. 30:401-409.	Froese, R. and D. Pauly. Editors. 2016. FishBase. World Wide Web electronic publication. www.fishbase.org, version (10/2016). Accessed at <https://github.com/globalbioticinteractions/fishbase/archive/7e67537c10ab6def64e0e7aa7953af28f6198d2a.zip> on 24 Apr 2017.
Rhycophilidae larvae						Cadwallader, P.L. 1975. The food of the New Zealand common river Galaxias, <i>Galaxias vulgaris</i>Stokell (Pisces:Salmoniformes). Aust. J. Mar. Freshwat. Res. 26:15-30.	Froese, R. and D. Pauly. Editors. 2016. FishBase. World Wide Web electronic publication. www.fishbase.org, version (10/2016). Accessed at <https://github.com/globalbioticinteractions/fishbase/archive/7e67537c10ab6def64e0e7aa7953af28f6198d2a.zip> on 24 Apr 2017.
ribbon fishes						Manojkumar, P.P. 2003. Observations on the food and feeding habits of <i>Otolithes cuvieri</i> (Trewavas) off Veraval. Indian J. Fish. 50(3):379-385.	Froese, R. and D. Pauly. Editors. 2016. FishBase. World Wide Web electronic publication. www.fishbase.org, version (10/2016). Accessed at <https://github.com/globalbioticinteractions/fishbase/archive/7e67537c10ab6def64e0e7aa7953af28f6198d2a.zip> on 24 Apr 2017.
Rochinia gracilepis			Rochinia gracilipes	Animalia | Arthropoda | Malacostraca | Decapoda | Epialtidae | Rochinia | Rochinia gracilipes	GBIF:5970776	Elias, I. and C.R. Rajoy. 1992. Habitos alimentarios del "Salmon de Mar" <i>Pseudopercis semifasciata</i> (Cuvier, 1829): Pinguipedidae en Aguas Norpatagonicas Argentinas. Rev. Biol. Mar., Valparaíso, 27(1):133-146.	Froese, R. and D. Pauly. Editors. 2016. FishBase. World Wide Web electronic publication. www.fishbase.org, version (10/2016). Accessed at <https://github.com/globalbioticinteractions/fishbase/archive/7e67537c10ab6def64e0e7aa7953af28f6198d2a.zip> on 24 Apr 2017.
Rochinia gracilepis			Rochinia gracilipes	Animalia | Arthropoda | Malacostraca | Decapoda | Majidae | Rochinia | Rochinia gracilipes	IRMNG:11861337	Elias, I. and C.R. Rajoy. 1992. Habitos alimentarios del "Salmon de Mar" <i>Pseudopercis semifasciata</i> (Cuvier, 1829): Pinguipedidae en Aguas Norpatagonicas Argentinas. Rev. Biol. Mar., Valparaíso, 27(1):133-146.	Froese, R. and D. Pauly. Editors. 2016. FishBase. World Wide Web electronic publication. www.fishbase.org, version (10/2016). Accessed at <https://github.com/globalbioticinteractions/fishbase/archive/7e67537c10ab6def64e0e7aa7953af28f6198d2a.zip> on 24 Apr 2017.
Rochinia gracilepis			Rochinia gracilipes	Biota | Animalia | Arthropoda | Crustacea | Multicrustacea | Malacostraca | Eumalacostraca | Eucarida | Decapoda | Pleocyemata | Brachyura | Eubrachyura | Heterotremata | Majoidea | Epialtidae | Pisinae | Rochinia | Rochinia gracilipes	WORMS:441680	Elias, I. and C.R. Rajoy. 1992. Habitos alimentarios del "Salmon de Mar" <i>Pseudopercis semifasciata</i> (Cuvier, 1829): Pinguipedidae en Aguas Norpatagonicas Argentinas. Rev. Biol. Mar., Valparaíso, 27(1):133-146.	Froese, R. and D. Pauly. Editors. 2016. FishBase. World Wide Web electronic publication. www.fishbase.org, version (10/2016). Accessed at <https://github.com/globalbioticinteractions/fishbase/archive/7e67537c10ab6def64e0e7aa7953af28f6198d2a.zip> on 24 Apr 2017.
Rochinia gracilepis			Rochinia gracilipes	Malacostraca | Decapoda | Epialtidae | Rochinia | Rochinia gracilipes	FBC:SLB:SpecCode:154926	Elias, I. and C.R. Rajoy. 1992. Habitos alimentarios del "Salmon de Mar" <i>Pseudopercis semifasciata</i> (Cuvier, 1829): Pinguipedidae en Aguas Norpatagonicas Argentinas. Rev. Biol. Mar., Valparaíso, 27(1):133-146.	Froese, R. and D. Pauly. Editors. 2016. FishBase. World Wide Web electronic publication. www.fishbase.org, version (10/2016). Accessed at <https://github.com/globalbioticinteractions/fishbase/archive/7e67537c10ab6def64e0e7aa7953af28f6198d2a.zip> on 24 Apr 2017.
rock dwelling organisms						Fischer, W., I. Sousa, C. Silva, A. de Freitas, J.M. Poutiers, W. Schneider, T.C. Borges, J.P. Feral and A. Massinga. 1990. Fichas FAO de identificaçao de espécies para actividades de pesca. Guia de campo das espécies comerciais marinhas e de águas salobras de Moçambique. Publicaçao preparada em collaboraçao com o Instituto de Investigaçao Pesquiera de Moçambique, com financiamento do Projecto PNUD/FAO MOZ/86/030 e de NORAD. Roma, FAO. 1990. 424 p.	Froese, R. and D. Pauly. Editors. 2016. FishBase. World Wide Web electronic publication. www.fishbase.org, version (10/2016). Accessed at <https://github.com/globalbioticinteractions/fishbase/archive/7e67537c10ab6def64e0e7aa7953af28f6198d2a.zip> on 24 Apr 2017.
rock lobsters						Anonymous. 1992. Westralian jewfish. Fisheries Department of Western Australia. (in press).	Froese, R. and D. Pauly. Editors. 2016. FishBase. World Wide Web electronic publication. www.fishbase.org, version (10/2016). Accessed at <https://github.com/globalbioticinteractions/fishbase/archive/7e67537c10ab6def64e0e7aa7953af28f6198d2a.zip> on 24 Apr 2017.
rock lobsters						Kailola, P.J., M.J. Williams, P.C. Stewart, R.E. Reichelt, A. McNee and C. Grieve. 1993. Australian fisheries resources. Bureau of Resource Sciences, Canberra, Australia. 422 p.	Froese, R. and D. Pauly. Editors. 2016. FishBase. World Wide Web electronic publication. www.fishbase.org, version (10/2016). Accessed at <https://github.com/globalbioticinteractions/fishbase/archive/7e67537c10ab6def64e0e7aa7953af28f6198d2a.zip> on 24 Apr 2017.
rock mussels						van der Elst, R. 1993. A guide to the common sea fishes of southern Africa. (3rd Ed.). Struik Publishers, Cape Town. 398 p.	Froese, R. and D. Pauly. Editors. 2016. FishBase. World Wide Web electronic publication. www.fishbase.org, version (10/2016). Accessed at <https://github.com/globalbioticinteractions/fishbase/archive/7e67537c10ab6def64e0e7aa7953af28f6198d2a.zip> on 24 Apr 2017.
roots of unspecified plants						Allen, G.R. 1989. Freshwater fishes of Australia. T.F.H. Publications, Inc., Neptune City, New Jersey.	Froese, R. and D. Pauly. Editors. 2016. FishBase. World Wide Web electronic publication. www.fishbase.org, version (10/2016). Accessed at <https://github.com/globalbioticinteractions/fishbase/archive/7e67537c10ab6def64e0e7aa7953af28f6198d2a.zip> on 24 Apr 2017.
Rotifer eggs			Rotaria	Animalia | Rotifera | Bdelloidea | Bdelloida | Philodinidae | Rotaria	IRMNG:1339773	Thiel, R., T. Mehner, B. Köpcke and R. Kafemann. 1996. Diet niche relationship among early life stages of fish in German estuaries. Mar. Freshwat. Res. 47:123-136.	Froese, R. and D. Pauly. Editors. 2016. FishBase. World Wide Web electronic publication. www.fishbase.org, version (10/2016). Accessed at <https://github.com/globalbioticinteractions/fishbase/archive/7e67537c10ab6def64e0e7aa7953af28f6198d2a.zip> on 24 Apr 2017.
Rotifer eggs			Rotaria	Animalia | Rotifera | Eurotatoria | Bdelloidea | Philodinidae | Rotaria	GBIF:1000832	Thiel, R., T. Mehner, B. Köpcke and R. Kafemann. 1996. Diet niche relationship among early life stages of fish in German estuaries. Mar. Freshwat. Res. 47:123-136.	Froese, R. and D. Pauly. Editors. 2016. FishBase. World Wide Web electronic publication. www.fishbase.org, version (10/2016). Accessed at <https://github.com/globalbioticinteractions/fishbase/archive/7e67537c10ab6def64e0e7aa7953af28f6198d2a.zip> on 24 Apr 2017.
Rotifer eggs			Rotifer	Animalia | Rotifera | Eurotatoria | Bdelloidea | Philodinidae | Rotifer	GBIF:1000581	Thiel, R., T. Mehner, B. Köpcke and R. Kafemann. 1996. Diet niche relationship among early life stages of fish in German estuaries. Mar. Freshwat. Res. 47:123-136.	Froese, R. and D. Pauly. Editors. 2016. FishBase. World Wide Web electronic publication. www.fishbase.org, version (10/2016). Accessed at <https://github.com/globalbioticinteractions/fishbase/archive/7e67537c10ab6def64e0e7aa7953af28f6198d2a.zip> on 24 Apr 2017.
round herring						Compagno, L.J.V., D.A. Ebert and M.J. Smale. 1989. Guide to the sharks and rays of southern Africa. New Holland (Publ.) Ltd., London. 158 p.	Froese, R. and D. Pauly. Editors. 2016. FishBase. World Wide Web electronic publication. www.fishbase.org, version (10/2016). Accessed at <https://github.com/globalbioticinteractions/fishbase/archive/7e67537c10ab6def64e0e7aa7953af28f6198d2a.zip> on 24 Apr 2017.
round herring						Hiatt, R.W. and D.W. Strasburg. 1960. Ecological relationships of the fish fauna on coral reefs of the Marshall Islands. Ecol. Monogr. 30(1):65-127.	Froese, R. and D. Pauly. Editors. 2016. FishBase. World Wide Web electronic publication. www.fishbase.org, version (10/2016). Accessed at <https://github.com/globalbioticinteractions/fishbase/archive/7e67537c10ab6def64e0e7aa7953af28f6198d2a.zip> on 24 Apr 2017.
round worms						Rojas-Beltran, R. 1989. Quelques aspects de l'ecologie alimentaire de trois mâchoirans (Teleostei, Siluriformes, Ariidae) de la Guyane. Cybium 13(2):181-187.	Froese, R. and D. Pauly. Editors. 2016. FishBase. World Wide Web electronic publication. www.fishbase.org, version (10/2016). Accessed at <https://github.com/globalbioticinteractions/fishbase/archive/7e67537c10ab6def64e0e7aa7953af28f6198d2a.zip> on 24 Apr 2017.
